,,,,,,,
Tên công ty,Công ty Cổ phần Đầu tư Thế Giới Di Động,,,,,,
Tên báo cáo,Lịch sử giá,,,,,,
Ngày tải,15/03/2025,,,,,,
,,,,,,,
NGÀY,GIÁ MỞ CỬA,GIÁ CAO NHẤT,GIÁ THẤP NHẤT,GIÁ ĐÓNG CỬA,THAY ĐỔI GIÁ,% THAY ĐỔI,KHỐI LƯỢNG
14/03/2025,61500,62300,61200,61500,0,0,8759800
13/03/2025,62700,62800,61200,61500,-1200,-0.0191387559808612,7327800
12/03/2025,63000,63000,61900,62700,-300,-0.00476190476190475,8817600
11/03/2025,61400,63200,61400,63000,800,0.0128617363344052,9576900
10/03/2025,62000,62300,61400,62200,300,0.00484652665589658,8125200
07/03/2025,61800,62000,61300,61900,0,0,5404100
06/03/2025,59800,61900,59600,61900,2300,0.0385906040268456,13451900
05/03/2025,59800,60200,59300,59600,100,0.00168067226890756,7188800
04/03/2025,58700,59900,58400,59500,700,0.0119047619047619,6414100
03/03/2025,58200,59100,57800,58800,500,0.00857632933104635,5938000
28/02/2025,58000,58700,57800,58300,-300,-0.00511945392491464,5283200
27/02/2025,58700,58800,58200,58600,-100,-0.00170357751277683,3222900
26/02/2025,58300,59100,57800,58700,400,0.00686106346483695,4977600
25/02/2025,58100,58400,57400,58300,-100,-0.00171232876712324,7929200
24/02/2025,58100,58500,57300,58400,300,0.00516351118760761,6243200
21/02/2025,56800,58300,56600,58100,1400,0.0246913580246915,10123600
20/02/2025,55900,56700,55700,56700,900,0.0161290322580645,6194500
19/02/2025,54700,56100,54400,55800,1300,0.0238532110091743,7547500
18/02/2025,54000,55000,53800,54500,400,0.00739371534195943,4497600
17/02/2025,55200,55200,54100,54100,-1100,-0.019927536231884,5933200
14/02/2025,55100,55300,53800,55200,400,0.0072992700729928,11169000
13/02/2025,56000,56000,54800,54800,-1600,-0.0283687943262412,11353700
12/02/2025,56800,57300,56400,56400,0,0,4848400
11/02/2025,57400,57400,56400,56400,-1000,-0.0174216027874564,5986000
10/02/2025,58300,58300,57400,57400,-1500,-0.0254668930390493,5927400
07/02/2025,58900,59000,57800,58900,-200,-0.00338409475465318,6955900
06/02/2025,59500,59600,58700,59100,-300,-0.00505050505050508,4148800
05/02/2025,59600,59800,59100,59400,-200,-0.00335570469798663,2780100
04/02/2025,59900,59900,59000,59600,0,0,3638100
03/02/2025,59000,59600,58500,59600,-500,-0.00831946755407653,5157500
24/01/2025,59200,60100,58600,60100,900,0.0152027027027026,6757300
23/01/2025,57300,59500,57300,59200,1800,0.0313588850174216,5657500
22/01/2025,57900,58000,57400,57400,-300,-0.00519930675909874,3103000
21/01/2025,57700,58200,57200,57700,200,0.00347826086956515,3419600
20/01/2025,57700,57900,57300,57500,-200,-0.00346620450606583,2216200
17/01/2025,57300,57800,57200,57700,-100,-0.0017301038062284,2697800
16/01/2025,57200,58000,57000,57800,500,0.00872600349040131,3794300
15/01/2025,57400,57900,56800,57300,100,0.00174825174825166,3242300
14/01/2025,57300,57500,56600,57200,-100,-0.00174520069808026,2917600
13/01/2025,56600,57700,56500,57300,-200,-0.00347826086956526,3791900
10/01/2025,57500,58000,56900,57500,-200,-0.00346620450606583,3594100
09/01/2025,58000,58000,57500,57700,-400,-0.00688468158347677,1738300
08/01/2025,57100,58100,56500,58100,1000,0.0175131348511384,3068200
07/01/2025,57300,57800,56400,57100,100,0.00175438596491229,5532900
06/01/2025,58400,59300,57000,57000,-1600,-0.0273037542662116,5409900
03/01/2025,60600,60700,58600,58600,-2000,-0.033003300330033,6604400
02/01/2025,60900,61200,60300,60600,-400,-0.00655737704918036,3969400
31/12/2024,60900,61000,60500,61000,0,0,4520300
30/12/2024,60500,61200,60500,61000,-400,-0.00651465798045603,4178100
27/12/2024,60600,61600,60400,61400,-100,-0.00162601626016257,6947200
26/12/2024,62400,62400,60500,61500,-700,-0.0112540192926045,6554700
25/12/2024,61300,62300,61300,62200,900,0.0146818923327896,6300500
24/12/2024,61200,61300,60700,61300,300,0.00491803278688519,3062600
23/12/2024,60600,61100,60500,61000,400,0.00660066006600668,5538600
20/12/2024,60000,60800,59600,60600,800,0.0133779264214047,3751400
19/12/2024,59800,59900,59400,59800,-400,-0.00664451827242529,7103100
18/12/2024,60200,60500,59900,60200,-100,-0.00165837479270314,4076200
17/12/2024,61000,61000,60200,60300,-700,-0.0114754098360655,3676200
16/12/2024,61000,61400,60200,61000,0,0,3621300
13/12/2024,59800,61300,59600,61000,1000,0.0166666666666666,5596800
12/12/2024,60300,60500,59900,60000,0,0,3772900
11/12/2024,60700,60800,59900,60000,-800,-0.0131578947368421,4821400
10/12/2024,61100,61200,60500,60800,-300,-0.0049099836333879,4226800
09/12/2024,61600,61600,60800,61100,0,0,4410300
06/12/2024,60800,61900,60500,61100,100,0.00163934426229506,7825300
05/12/2024,58400,61200,58100,61000,2900,0.0499139414802066,8615300
04/12/2024,59400,59800,58000,58100,-1700,-0.0284280936454849,8857200
03/12/2024,60100,60300,59600,59800,-600,-0.00993377483443714,4019600
02/12/2024,60700,60700,59900,60400,-100,-0.00165289256198342,2789900
29/11/2024,60000,60500,58900,60500,500,0.0083333333333333,5587400
28/11/2024,60300,60600,59700,60000,-200,-0.00332225913621265,3774500
27/11/2024,59900,60900,59500,60200,200,0.00333333333333341,4937400
26/11/2024,59300,60100,59000,60000,1000,0.0169491525423728,4370400
25/11/2024,58800,59300,58600,59000,0,0,4568500
22/11/2024,58700,59400,58400,59000,300,0.00511073253833039,5804700
21/11/2024,57000,58900,56500,58700,1900,0.033450704225352,8166800
20/11/2024,57200,58100,56000,56800,-700,-0.0121739130434783,9752900
19/11/2024,59000,59000,57500,57500,-1400,-0.0237691001697793,5338500
18/11/2024,59900,59900,57100,58900,-1000,-0.0166944908180301,12080100
15/11/2024,60800,61100,59800,59900,-1400,-0.0228384991843393,6648600
14/11/2024,61500,61600,60700,61300,-600,-0.00969305331179327,4481400
13/11/2024,60800,62300,60300,61900,1100,0.018092105263158,7232500
12/11/2024,63100,63200,60800,60800,-2200,-0.0349206349206349,10600700
11/11/2024,64500,65000,62900,63000,-2000,-0.0307692307692308,9390500
08/11/2024,65400,65400,64500,65000,-400,-0.00611620795107037,4698600
07/11/2024,65800,65800,64800,65400,-200,-0.00304878048780488,5244200
06/11/2024,65700,65700,65000,65600,0,0,5415900
05/11/2024,64900,65600,64800,65600,500,0.00768049155145922,5272300
04/11/2024,65900,65900,64700,65100,-900,-0.0136363636363637,9363400
01/11/2024,65900,66100,65500,66000,-500,-0.00751879699248126,21332900
31/10/2024,66000,66500,65600,66500,500,0.00757575757575757,6146200
30/10/2024,66500,66500,65700,66000,-500,-0.00751879699248126,8927400
29/10/2024,65600,66500,65400,66500,1000,0.0152671755725191,9538500
28/10/2024,65500,65600,64900,65500,0,0,3958700
25/10/2024,65400,66000,65000,65500,100,0.00152905198776754,4951300
24/10/2024,65400,66000,64900,65400,-300,-0.00456621004566216,4641700
23/10/2024,66100,66300,65100,65700,-600,-0.00904977375565608,6100300
22/10/2024,66300,66800,65500,66300,500,0.00759878419452886,9781100
21/10/2024,65300,66000,64900,65800,100,0.00152207001522076,4333000
18/10/2024,65900,66100,65200,65700,-100,-0.00151975683890582,6162200
17/10/2024,65800,65800,65200,65800,300,0.00458015267175571,6628300
16/10/2024,64400,65700,64300,65500,1100,0.0170807453416149,13710200
15/10/2024,63900,64800,63700,64400,800,0.0125786163522013,12469800
14/10/2024,64900,65000,63600,63600,-900,-0.013953488372093,8405400
11/10/2024,65000,65300,63500,64500,-500,-0.00769230769230767,10009100
10/10/2024,64500,65400,64100,65000,800,0.0124610591900312,8668600
09/10/2024,65000,65300,63600,64200,-1000,-0.0153374233128835,20847000
08/10/2024,66700,66700,65000,65200,-1100,-0.0165912518853696,11008100
07/10/2024,66700,67100,65900,66300,-100,-0.00150602409638556,5548200
04/10/2024,66500,66800,66200,66400,100,0.00150829562594268,5272300
03/10/2024,67400,67400,65800,66300,-1100,-0.016320474777448,14743000
02/10/2024,67500,67900,67000,67400,-400,-0.00589970501474924,7157400
01/10/2024,68300,68700,67800,67800,-300,-0.00440528634361237,9995700
30/09/2024,67500,68100,66900,68100,600,0.00888888888888895,5927100
27/09/2024,68600,68600,66800,67500,-800,-0.0117130307467057,13131500
26/09/2024,68800,69500,68300,68300,-400,-0.0058224163027657,7182600
25/09/2024,68500,68700,68000,68700,600,0.00881057268722474,5446300
24/09/2024,67500,68800,67500,68100,800,0.0118870728083209,6640500
23/09/2024,68000,68000,66800,67300,-700,-0.0102941176470588,5047700
20/09/2024,68600,68700,68000,68000,-200,-0.00293255131964809,5016600
19/09/2024,68500,68500,67700,68200,0,0,5280600
18/09/2024,66900,68600,66800,68200,1400,0.0209580838323353,10676700
17/09/2024,66200,66800,65500,66800,700,0.0105900151285931,8761200
16/09/2024,66900,67000,66000,66100,-1100,-0.0163690476190477,5295500
13/09/2024,67200,67500,66500,67200,-300,-0.00444444444444447,7126500
12/09/2024,68000,68000,67200,67500,-300,-0.00442477876106195,3872500
11/09/2024,67800,67900,67100,67800,0,0,6804000
10/09/2024,67500,68700,67500,67800,300,0.00444444444444447,6456200
09/09/2024,67700,68000,67200,67500,-500,-0.00735294117647056,3677000
06/09/2024,67600,68000,66800,68000,100,0.00147275405007363,8345500
05/09/2024,68800,68900,67600,67900,-1200,-0.0173661360347323,8459500
04/09/2024,68700,69700,68200,69100,-700,-0.0100286532951289,4462400
30/08/2024,69100,69800,68700,69800,700,0.0101302460202606,5295100
29/08/2024,68900,69400,68600,69100,-300,-0.00432276657060515,4226000
28/08/2024,69700,69700,68700,69400,-400,-0.00573065902578795,6602000
27/08/2024,69400,69800,67800,69800,0,0,14475100
26/08/2024,70000,70800,69600,69800,-200,-0.00285714285714289,5961000
23/08/2024,70000,70200,69300,70000,0,0,4425700
22/08/2024,69700,70200,69100,70000,200,0.00286532951289398,5281400
21/08/2024,69400,70200,68900,69800,300,0.00431654676258986,8947700
20/08/2024,69000,69500,68300,69500,500,0.00724637681159424,8137200
19/08/2024,69000,69700,68600,69000,0,0,6418900
16/08/2024,66000,69500,65900,69000,3100,0.047040971168437,18518500
15/08/2024,66300,66400,65300,65900,-700,-0.0105105105105106,7146900
14/08/2024,66800,67000,65800,66600,-100,-0.00149925037481258,6293000
13/08/2024,66800,67200,65900,66700,100,0.00150150150150141,9391000
12/08/2024,65900,66800,65600,66600,1000,0.0152439024390243,11011200
09/08/2024,62700,65800,62500,65600,3200,0.0512820512820513,17518100
08/08/2024,62000,62900,61900,62400,100,0.00160513643659721,5791600
07/08/2024,62300,62500,61500,62300,0,0,4794900
06/08/2024,61800,62300,60600,62300,700,0.0113636363636365,6419700
05/08/2024,61500,62300,60300,61600,-1300,-0.0206677265500795,11577700
02/08/2024,61000,62900,60700,62900,800,0.0128824476650564,7605200
01/08/2024,63800,63800,61500,62100,-1700,-0.0266457680250783,10605900
31/07/2024,63900,64500,63500,63800,800,0.0126984126984127,10333100
30/07/2024,62000,63200,61900,63000,1000,0.0161290322580645,5470300
29/07/2024,61400,62400,61100,62000,1000,0.0163934426229508,5340200
26/07/2024,60500,61000,60400,61000,0,0,4384000
25/07/2024,60000,61000,59700,61000,-400,-0.00651465798045603,4903300
24/07/2024,61600,62000,58600,61400,-1100,-0.0176,15062500
23/07/2024,65000,65000,62000,62500,-2800,-0.0428790199081164,9198000
22/07/2024,65200,65400,63800,65300,-300,-0.00457317073170727,5883400
19/07/2024,65000,66300,64700,65600,600,0.00923076923076915,12007200
18/07/2024,63500,65000,63400,65000,1500,0.0236220472440944,7938100
17/07/2024,64700,64700,62200,63500,-600,-0.00936037441497661,16982000
16/07/2024,64600,65300,64100,64100,-200,-0.00311041990668737,7680700
15/07/2024,64900,65000,64100,64300,-500,-0.00771604938271608,3694800
12/07/2024,64800,65400,64100,64800,0,0,8736600
11/07/2024,65400,65700,64600,64800,-400,-0.00613496932515334,8302000
10/07/2024,66700,66800,65200,65200,-1600,-0.0239520958083832,10907100
09/07/2024,67200,67200,66300,66800,-200,-0.0029850746268657,7977800
08/07/2024,65600,67400,65600,67000,1400,0.0213414634146341,10448700
05/07/2024,65200,65800,65000,65600,500,0.00768049155145922,7939400
04/07/2024,65700,66300,64900,65100,-400,-0.00610687022900769,5861500
03/07/2024,65900,66400,65100,65500,-500,-0.00757575757575757,7436000
02/07/2024,65800,66000,64700,66000,200,0.00303951367781163,9245500
01/07/2024,62600,65800,62000,65800,3400,0.0544871794871795,21785800
28/06/2024,63100,63100,61600,62400,-500,-0.00794912559618444,6187200
27/06/2024,61511.0410092309,63098.4227126949,61511.0410092309,62899.9999997619,800,0.0127795527156549,8297814
26/06/2024,62007.0977915634,62701.5772868289,60816.5615139654,62106.3091480299,600,0.00967741935483879,9625646
25/06/2024,61511.0410092309,62205.5205044964,61114.1955833649,61511.0410092309,0,0,6461173
24/06/2024,62999.2113562284,62999.2113562284,61014.9842268984,61511.0410092309,-1500,-0.0236220472440944,11899271
21/06/2024,62503.1545738959,64189.7476338264,61907.8864350969,62999.2113562284,0,0,8235290
20/06/2024,62701.5772868289,62999.2113562284,62007.0977915634,62999.2113562284,200,0.00315955766192744,6274318
19/06/2024,61411.8296527644,63197.6340691614,61114.1955833649,62800.7886432954,1100,0.017684887459807,7917309
18/06/2024,61610.2523656974,62007.0977915634,60618.1388010324,61709.4637221639,200,0.00322580645161286,8140700
17/06/2024,62304.7318609629,62304.7318609629,60518.9274445659,61511.0410092309,-1000,-0.0158730158730159,9503600
14/06/2024,63495.2681385609,63693.6908514939,62503.1545738959,62503.1545738959,-1000,-0.015625,8902800
13/06/2024,63197.6340691614,63892.1135644269,62602.3659303624,63495.2681385609,600,0.00946372239747628,8131000
12/06/2024,62106.3091480299,63396.0567820944,61511.0410092309,62899.9999997619,1100,0.0176565008025682,6599146
11/06/2024,62800.7886432954,62899.9999997619,61312.6182962979,61808.6750786304,-700,-0.0111111111111111,6825770
10/06/2024,61709.4637221639,62800.7886432954,61511.0410092309,62503.1545738959,900,0.0144927536231885,8814191
07/06/2024,61808.6750786304,62304.7318609629,61312.6182962979,61610.2523656974,200,0.00323101777059764,6039669
06/06/2024,61511.0410092309,62007.0977915634,61114.1955833649,61411.8296527644,-100,-0.00161290322580643,15580278
05/06/2024,62503.1545738959,62800.7886432954,61114.1955833649,61511.0410092309,-1800,-0.0282131661442007,15297380
04/06/2024,63495.2681385609,63693.6908514939,62602.3659303624,63296.8454256279,-200,-0.00312500000000004,11391596
03/06/2024,63396.0567820944,63594.4794950274,62701.5772868289,63495.2681385609,400,0.00628930817610063,9500879
31/05/2024,62304.7318609629,63892.1135644269,61907.8864350969,63098.4227126949,800,0.0127388535031847,10588336
30/05/2024,59427.6025234344,62304.7318609629,58733.1230281688,62304.7318609629,2300,0.0380165289256198,15822116
29/05/2024,61114.1955833649,61511.0410092309,60022.8706622334,60022.8706622334,-1000,-0.016260162601626,7966354
28/05/2024,59923.6593057669,62304.7318609629,59626.0252363674,61014.9842268984,1500,0.0249999999999999,10823218
27/05/2024,59626.0252363674,60022.8706622334,58733.1230281688,59526.8138799009,-500,-0.00826446280991733,7150902
24/05/2024,60717.3501574989,61213.4069398314,58435.4889587693,60022.8706622334,-1500,-0.0241935483870968,14576259
23/05/2024,60221.2933751664,61511.0410092309,59526.8138799009,61511.0410092309,1000,0.0163934426229508,10583025
22/05/2024,60122.0820186999,61114.1955833649,59129.9684540348,60518.9274445659,500,0.00826446280991733,13927331
21/05/2024,60122.0820186999,60816.5615139654,59526.8138799009,60022.8706622334,500,0.0083333333333333,5776939
20/05/2024,59526.8138799009,61114.1955833649,59030.7570975683,59526.8138799009,400,0.00671140939597326,9882880
17/05/2024,59328.3911669679,59824.4479493004,58534.7003152358,59129.9684540348,-300,-0.005008347245409,11286347
16/05/2024,60419.7160880994,60618.1388010324,59229.1798105013,59427.6025234344,-900,-0.0148026315789473,15621652
15/05/2024,60122.0820186999,61610.2523656974,59526.8138799009,60320.5047316329,700,0.0116472545757071,14312141
14/05/2024,58038.6435329033,60518.9274445659,57542.5867505708,59626.0252363674,1800,0.0308747855917668,16717056
13/05/2024,58435.4889587693,58435.4889587693,57542.5867505708,57840.2208199703,-600,-0.0101867572156197,7822045
10/05/2024,58336.2776023028,58534.7003152358,56947.3186117718,58435.4889587693,0,0,9938732
09/05/2024,58534.7003152358,58733.1230281688,57939.4321764368,58435.4889587693,-200,-0.00338409475465318,12497400
08/05/2024,58137.8548893698,58832.3343846353,57741.0094635038,58633.9116717023,-200,-0.00337268128161894,10022500
07/05/2024,58336.2776023028,59030.7570975683,57046.5299682383,58832.3343846353,1000,0.0171526586620927,12034000
06/05/2024,55657.5709777073,58336.2776023028,55359.9369083078,57840.2208199703,2600,0.0466786355475763,12893200
03/05/2024,55260.7255518413,56748.8958988388,54566.2460565758,55260.7255518413,100,0.00179856115107913,30658300
02/05/2024,55558.3596212408,56352.0504729728,54268.6119871763,55161.5141953748,700,0.0127504553734061,22343900
26/04/2024,53078.0757095783,54566.2460565758,52582.0189272458,54467.0347001093,1100,0.020446096654275,12531700
25/04/2024,51689.1167190472,53375.7097789778,50994.6372237817,53375.7097789778,1500,0.02868068833652,19836400
24/04/2024,49804.1009461837,51887.5394319802,49456.861198551,51887.5394319802,2500,0.0502008032128514,12469200
23/04/2024,48712.7760250522,49903.3123026502,48266.3249209529,49407.2555203177,1200,0.0246913580246915,18482000
22/04/2024,48811.9873815187,49010.4100944517,47770.2681386204,48216.7192427197,400,0.00829875518672196,13265100
19/04/2024,48861.593059752,48911.1987379852,47671.0567821539,47819.8738168537,-1200,-0.0242914979757085,9643100
17/04/2024,50002.5236591167,50002.5236591167,48563.9589903524,49010.4100944517,-500,-0.0100200400801603,7506200
16/04/2024,49109.6214509182,49605.6782332507,48315.9305991862,49506.4668767842,0,0,13988300
15/04/2024,51292.2712931812,51589.9053625807,49109.6214509182,49506.4668767842,-2100,-0.0403846153846154,17235200
12/04/2024,51887.5394319802,52185.1735013797,51193.0599367147,51589.9053625807,-300,-0.00573613766730396,7115600
11/04/2024,50796.2145108487,52383.5962143128,50796.2145108487,51887.5394319802,300,0.00576923076923075,7294500
10/04/2024,52482.8075707792,52780.4416401788,51292.2712931812,51589.9053625807,-800,-0.0151515151515151,10353100
09/04/2024,49605.6782332507,52681.2302837123,49407.2555203177,52383.5962143128,2800,0.0560000000000001,21005300
08/04/2024,50597.7917979157,50597.7917979157,49407.2555203177,49605.6782332507,-1000,-0.0196078431372549,6326000
05/04/2024,49605.6782332507,51093.8485802482,49060.015772685,50597.7917979157,300,0.00591715976331364,9422712
04/04/2024,49605.6782332507,50300.1577285162,48613.5646685857,50300.1577285162,500,0.00996015936254979,13451500
03/04/2024,50597.7917979157,50796.2145108487,49506.4668767842,49804.1009461837,-1400,-0.0271317829457365,16982300
02/04/2024,50597.7917979157,51193.0599367147,49556.0725550175,51193.0599367147,200,0.00389105058365757,13183500
01/04/2024,50399.3690849827,52185.1735013797,50300.1577285162,50994.6372237817,300,0.0058708414872799,15838100
29/03/2024,50597.7917979157,51589.9053625807,50399.3690849827,50697.0031543822,100,0.00196078431372548,13970500
28/03/2024,50399.3690849827,51788.3280755137,50002.5236591167,50597.7917979157,300,0.00591715976331364,12959700
27/03/2024,48415.1419556527,50994.6372237817,48167.1135644864,50300.1577285162,2050,0.0421377183967111,14031800
26/03/2024,47919.0851733202,48514.3533121192,47423.0283909877,48266.3249209529,350,0.00724637681159424,9418700
25/03/2024,48613.5646685857,49903.3123026502,47919.0851733202,47919.0851733202,-800,-0.0162932790224033,11012200
22/03/2024,48315.9305991862,49010.4100944517,47621.4511039207,48712.7760250522,600,0.0123711340206185,14585400
21/03/2024,48117.5078862532,48563.9589903524,47621.4511039207,48117.5078862532,500,0.0104166666666667,9431300
20/03/2024,45240.3785487246,48266.3249209529,45240.3785487246,47621.4511039207,2500,0.054945054945055,21254500
19/03/2024,45637.2239745907,46034.0694004567,44992.3501575584,45141.1671922581,-400,-0.00871459694989107,8113300
18/03/2024,46827.7602521887,47571.8454256874,45289.9842269579,45538.0126181242,-1450,-0.0306230200633579,12749100
15/03/2024,46877.3659304219,47323.8170345212,46182.8864351564,46976.5772868884,100,0.00211640211640218,8865700
14/03/2024,48415.1419556527,48613.5646685857,46728.5488957222,46877.3659304219,-1300,-0.0267765190525232,14052000
13/03/2024,46430.9148263227,48315.9305991862,46430.9148263227,48167.1135644864,1800,0.0385026737967915,8929000
12/03/2024,45786.0410092904,47522.2397474542,45686.8296528239,46381.3091480894,350,0.0075431034482758,17893000
11/03/2024,47125.3943215882,47919.0851733202,45885.2523657569,46034.0694004567,-1350,-0.0282722513089005,14467500
08/03/2024,48861.593059752,48861.593059752,46629.3375392557,47373.4227127544,-1250,-0.0255102040816326,21675600
07/03/2024,48315.9305991862,48861.593059752,47720.6624603872,48613.5646685857,300,0.00616016427104715,10102900
06/03/2024,49605.6782332507,49903.3123026502,47919.0851733202,48315.9305991862,-1300,-0.026,16337500
05/03/2024,47224.6056780547,49605.6782332507,47125.3943215882,49605.6782332507,2600,0.0548523206751055,23196300
04/03/2024,46232.4921133897,47571.8454256874,46232.4921133897,47026.1829651217,800,0.0171673819742488,17867800
01/03/2024,46182.8864351564,46926.9716086552,45736.4353310572,46232.4921133897,400,0.00865800865800859,16178500
29/02/2024,46034.0694004567,46629.3375392557,45637.2239745907,45835.6466875237,900,0.0198675496688743,15665800
28/02/2024,44645.1104099256,45488.4069398909,44397.0820187594,44942.7444793251,550,0.012290502793296,16527900
27/02/2024,44347.4763405261,44843.5331228586,44049.8422711266,44397.0820187594,400,0.00901916572717032,11787718
26/02/2024,43652.9968452606,44149.0536275931,42710.4889588289,44000.2365928934,350,0.00795454545454555,15854800
23/02/2024,44942.7444793251,45190.7728704914,43603.3911670274,43652.9968452606,-1300,-0.0286975717439294,17727600
22/02/2024,45934.8580439902,45934.8580439902,44843.5331228586,44942.7444793251,-800,-0.017353579175705,11878778
21/02/2024,46331.7034698562,46331.7034698562,45637.2239745907,45736.4353310572,-700,-0.0149572649572649,7012800
20/02/2024,46579.7318610224,46579.7318610224,45637.2239745907,46430.9148263227,0,0,9426400
19/02/2024,46133.2807569232,46827.7602521887,45786.0410092904,46430.9148263227,500,0.0107991360691144,8734200
16/02/2024,46034.0694004567,46232.4921133897,45438.8012616576,45934.8580439902,450,0.00981461286804808,5128000
15/02/2024,46579.7318610224,46629.3375392557,45488.4069398909,45488.4069398909,-750,-0.0160944206008584,9745100
07/02/2024,46579.7318610224,46678.9432174889,46083.6750786899,46232.4921133897,-400,-0.00851063829787235,6748100
06/02/2024,47125.3943215882,47125.3943215882,46430.9148263227,46629.3375392557,-400,-0.00843881856540085,9910000
05/02/2024,47125.3943215882,47224.6056780547,46430.9148263227,47026.1829651217,0,0,7536900
02/02/2024,46133.2807569232,47026.1829651217,45736.4353310572,47026.1829651217,1200,0.025974025974026,12775200
01/02/2024,44645.1104099256,46331.7034698562,44645.1104099256,45835.6466875237,1200,0.0266666666666666,11406100
31/01/2024,45339.5899051912,45538.0126181242,44297.8706622929,44645.1104099256,-400,-0.00881057268722463,9491600
30/01/2024,44248.2649840596,45091.5615140249,44149.0536275931,45041.9558357916,800,0.0179372197309418,7901200
29/01/2024,44595.5047316924,44793.9274446254,44149.0536275931,44248.2649840596,-300,-0.00668151447661469,4892300
26/01/2024,44645.1104099256,45141.1671922581,44397.0820187594,44545.8990534591,-300,-0.00663716814159288,4846900
25/01/2024,43901.0252364269,44843.5331228586,43752.2082017271,44843.5331228586,800,0.0180180180180181,8613100
24/01/2024,44843.5331228586,45091.5615140249,44000.2365928934,44049.8422711266,-1000,-0.0220264317180616,11048400
23/01/2024,45786.0410092904,45786.0410092904,44893.1388010919,45041.9558357916,-750,-0.0162513542795233,7364100
22/01/2024,45736.4353310572,45934.8580439902,44793.9274446254,45786.0410092904,100,0.00217155266015201,7975900
19/01/2024,45637.2239745907,46331.7034698562,44942.7444793251,45686.8296528239,200,0.00436205016357683,12844300
18/01/2024,44545.8990534591,45488.4069398909,44248.2649840596,45488.4069398909,950,0.0211581291759466,9333000
17/01/2024,43950.6309146601,45240.3785487246,43950.6309146601,44545.8990534591,600,0.0135440180586908,14801400
16/01/2024,42561.6719241291,44049.8422711266,42462.4605676626,43950.6309146601,1400,0.0326340326340326,18190100
15/01/2024,42214.4321764964,42958.5173499951,41916.7981070968,42561.6719241291,1000,0.0238663484486874,10125100
12/01/2024,41519.9526812308,42264.0378547296,41470.3470029976,41569.5583594641,-550,-0.0129564193168433,7783700
11/01/2024,41916.7981070968,42809.7003152954,41867.1924288636,42115.2208200299,200,0.00473372781065096,5686900
10/01/2024,42363.2492111961,42561.6719241291,41569.5583594641,41916.7981070968,-450,-0.0105386416861827,7906700
09/01/2024,42809.7003152954,42859.3059935286,42065.6151417966,42363.2492111961,-500,-0.0115740740740741,10039100
08/01/2024,43950.6309146601,43950.6309146601,42859.3059935286,42859.3059935286,-650,-0.0148232611174458,7269200
05/01/2024,42859.3059935286,43752.2082017271,42660.8832805956,43504.1798105609,650,0.0150462962962963,10064100
04/01/2024,42859.3059935286,43454.5741323276,42660.8832805956,42859.3059935286,0,0,9772600
03/01/2024,42065.6151417966,43107.3343846949,41668.7697159306,42859.3059935286,750,0.0176678445229681,7105900
02/01/2024,42760.0946370621,42958.5173499951,41817.5867506304,42115.2208200299,-350,-0.00817757009345799,8196900
29/12/2023,42859.3059935286,42958.5173499951,42313.6435329629,42462.4605676626,-250,-0.0058072009291521,5642000
28/12/2023,42512.0662458959,42908.9116717619,42462.4605676626,42710.4889588289,200,0.00466744457409574,8145500
27/12/2023,42363.2492111961,42710.4889588289,42214.4321764964,42512.0662458959,150,0.00351288056206078,6365000
26/12/2023,42214.4321764964,42809.7003152954,42016.0094635634,42363.2492111961,50,0.0011723329425557,9490400
25/12/2023,42016.0094635634,43355.3627758611,42016.0094635634,42313.6435329629,300,0.00708382526564355,9739900
22/12/2023,42115.2208200299,42313.6435329629,41668.7697159306,42016.0094635634,-300,-0.00703399765533408,7471600
21/12/2023,41867.1924288636,42363.2492111961,41519.9526812308,42313.6435329629,250,0.00589622641509435,8637700
20/12/2023,40329.4164036328,42065.6151417966,40180.5993689331,42065.6151417966,1750,0.0430504305043051,24331400
19/12/2023,39188.4858042681,40577.4447947991,38890.8517348686,40329.4164036328,1050,0.0265151515151516,7070900
18/12/2023,40627.0504730323,40627.0504730323,39188.4858042681,39287.6971607346,-1150,-0.0282208588957055,10066600
15/12/2023,41271.9242900646,41271.9242900646,40180.5993689331,40428.6277600993,-850,-0.0204326923076923,15172200
14/12/2023,41767.9810723971,41966.4037853301,41073.5015771316,41271.9242900646,-100,-0.00239808153477217,14368000
13/12/2023,42462.4605676626,43256.1514193946,41222.3186118313,41371.1356465311,-800,-0.0188235294117647,13323600
12/12/2023,42164.8264982631,42264.0378547296,41767.9810723971,42164.8264982631,0,0,7282000
11/12/2023,42264.0378547296,42313.6435329629,41569.5583594641,42164.8264982631,-100,-0.00234741784037562,7444500
08/12/2023,40478.2334383326,42660.8832805956,40081.3880124666,42264.0378547296,1750,0.0428396572827416,17607000
07/12/2023,40726.2618294988,40775.8675077321,39188.4858042681,40527.8391165658,-100,-0.00244200244200243,11560000
06/12/2023,39684.5425866006,40726.2618294988,39634.9369083673,40627.0504730323,950,0.0237499999999999,9776800
05/12/2023,39634.9369083673,39783.7539430671,39386.9085172011,39684.5425866006,50,0.00125156445556951,7196600
04/12/2023,38593.2176654691,40130.9936906998,38494.0063090026,39634.9369083673,1200,0.0309677419354839,11280400
01/12/2023,38444.4006307693,38692.4290219356,37749.9211355038,38444.4006307693,250,0.00649350649350655,5048100
30/11/2023,38543.6119872358,38791.6403784021,38196.372239603,38196.372239603,-300,-0.00773195876288657,4987098
29/11/2023,37849.1324919703,39138.8801260348,37849.1324919703,38494.0063090026,800,0.0210526315789474,9512200
28/11/2023,37749.9211355038,37849.1324919703,37055.4416402383,37700.3154572705,0,0,6801600
27/11/2023,38196.372239603,38245.9779178363,37700.3154572705,37700.3154572705,-550,-0.0142671854734111,6093900
24/11/2023,37601.104100804,38245.9779178363,36857.0189273053,38245.9779178363,1250,0.0335120643431635,11662000
23/11/2023,39684.5425866006,39982.1766560001,37005.835962005,37005.835962005,-2500,-0.0628140703517588,9553600
22/11/2023,40478.2334383326,40527.8391165658,38990.0630913351,39486.1198736676,-1100,-0.0268948655256723,15397500
21/11/2023,41172.7129335981,41172.7129335981,40279.8107253996,40577.4447947991,350,0.00863131935881634,6743700
20/11/2023,39833.3596213003,41321.5299682978,39833.3596213003,40230.2050471663,-850,-0.0205314009661836,7703500
17/11/2023,41172.7129335981,42164.8264982631,40329.4164036328,41073.5015771316,-100,-0.00240963855421683,11045900
16/11/2023,41172.7129335981,41271.9242900646,40379.0220818661,41172.7129335981,-400,-0.00954653937947492,10586200
15/11/2023,42065.6151417966,42164.8264982631,41023.8958988983,41569.5583594641,400,0.00963855421686755,12890300
14/11/2023,40676.6561512656,41767.9810723971,40478.2334383326,41172.7129335981,1500,0.0375000000000001,15235500
13/11/2023,39238.0914825013,39982.1766560001,38742.0347001688,39684.5425866006,600,0.015228426395939,9522300
10/11/2023,39436.5141954343,39982.1766560001,38692.4290219356,39089.2744478016,-900,-0.0223325062034739,11053600
09/11/2023,40180.5993689331,41023.8958988983,39585.3312301341,39982.1766560001,700,0.0176767676767677,12143300
08/11/2023,37601.104100804,39287.6971607346,36410.567823206,39287.6971607346,1400,0.036649214659686,19816000
07/11/2023,37601.104100804,39138.8801260348,37204.258674938,37898.7381702035,150,0.00394218134034174,13765400
06/11/2023,38692.4290219356,38692.4290219356,37303.4700314045,37749.9211355038,-900,-0.0231065468549422,13078700
03/11/2023,37204.258674938,38890.8517348686,36708.2018926055,38642.8233437023,1950,0.0527027027027027,12409700
02/11/2023,35616.876971474,37105.0473184715,33335.0157727445,36708.2018926055,1900,0.0541310541310542,21681700
01/11/2023,36708.2018926055,37402.681387871,34823.186119742,34823.186119742,-2600,-0.0689655172413793,21863600
31/10/2023,40081.3880124666,40379.0220818661,37402.681387871,37402.681387871,-2800,-0.0691358024691358,15133100
30/10/2023,40775.8675077321,41420.7413247643,40180.5993689331,40180.5993689331,-1500,-0.0357142857142857,4371000
27/10/2023,41966.4037853301,42164.8264982631,41073.5015771316,41668.7697159306,0,0,4721100
26/10/2023,41867.1924288636,42065.6151417966,40180.5993689331,41668.7697159306,-1500,-0.0344827586206896,15155000
25/10/2023,42660.8832805956,43851.4195581936,42660.8832805956,43156.9400629281,500,0.0116279069767442,6202100
24/10/2023,42760.0946370621,43256.1514193946,41420.7413247643,42660.8832805956,0,0,9436000
23/10/2023,44347.4763405261,44496.2933752259,42264.0378547296,42660.8832805956,-1700,-0.0380313199105146,8865200
20/10/2023,42660.8832805956,44645.1104099256,42660.8832805956,44347.4763405261,1700,0.0395348837209302,7022500
19/10/2023,43851.4195581936,44347.4763405261,42660.8832805956,42660.8832805956,-1700,-0.0380313199105146,8197300
18/10/2023,46430.9148263227,46629.3375392557,43305.7570976279,44347.4763405261,-1600,-0.0345572354211663,11564600
17/10/2023,48514.3533121192,48514.3533121192,45934.8580439902,45934.8580439902,-2300,-0.0473251028806584,7887900
16/10/2023,49109.6214509182,50300.1577285162,48216.7192427197,48216.7192427197,-900,-0.0181818181818182,8502700
13/10/2023,48117.5078862532,49109.6214509182,48067.9022080199,49109.6214509182,1100,0.0227272727272727,9845400
12/10/2023,48911.1987379852,49109.6214509182,47819.8738168537,48018.2965297867,-900,-0.0182555780933062,13833700
11/10/2023,48613.5646685857,48911.1987379852,48216.7192427197,48911.1987379852,450,0.00921187308085969,3478300
10/10/2023,48018.2965297867,49060.015772685,48018.2965297867,48464.7476338859,900,0.0187695516162669,4821300
09/10/2023,47968.6908515534,48514.3533121192,47274.2113562879,47571.8454256874,-350,-0.00724637681159424,6490300
06/10/2023,46530.1261827892,48117.5078862532,45934.8580439902,47919.0851733202,1300,0.0276595744680852,5188100
05/10/2023,49506.4668767842,49506.4668767842,46629.3375392557,46629.3375392557,-2200,-0.0447154471544715,6348200
04/10/2023,47621.4511039207,49605.6782332507,47621.4511039207,48811.9873815187,200,0.00408163265306127,4826800
03/10/2023,51093.8485802482,51093.8485802482,47919.0851733202,48613.5646685857,-2900,-0.0558766859344894,8976200
02/10/2023,52185.1735013797,52582.0189272458,51391.4826496477,51490.6940061142,-700,-0.0133079847908745,4507600
29/09/2023,53375.7097789778,53375.7097789778,52185.1735013797,52185.1735013797,-400,-0.00754716981132075,4975900
28/09/2023,52482.8075707792,54268.6119871763,52085.9621449132,52582.0189272458,1000,0.0192307692307692,8909300
27/09/2023,50697.0031543822,51589.9053625807,49804.1009461837,51589.9053625807,500,0.00970873786407767,4904400
26/09/2023,50697.0031543822,51292.2712931812,50101.7350155832,51093.8485802482,500,0.00980392156862742,8321400
25/09/2023,51193.0599367147,52582.0189272458,49506.4668767842,50597.7917979157,-1100,-0.0211132437619962,7693400
22/09/2023,52681.2302837123,52978.8643531118,50895.4258673152,51689.1167190472,-2100,-0.0387453874538746,11911300
21/09/2023,55359.9369083078,55359.9369083078,53772.5552048438,53772.5552048438,-1600,-0.0286738351254481,9500900
20/09/2023,54665.4574130423,55756.7823341738,54169.4006307098,55359.9369083078,300,0.00540540540540535,6834800
19/09/2023,54665.4574130423,55062.3028389083,52582.0189272458,55062.3028389083,500,0.00909090909090904,8835900
18/09/2023,55161.5141953748,55161.5141953748,53673.3438483773,54566.2460565758,-900,-0.0161001788908766,6610200
15/09/2023,57046.5299682383,57046.5299682383,54963.0914824418,55459.1482647743,-1400,-0.0244328097731239,9638900
14/09/2023,57244.9526811713,58038.6435329033,56649.6845423723,56848.1072553053,-200,-0.00347826086956526,10335664
13/09/2023,55657.5709777073,58832.3343846353,55062.3028389083,57046.5299682383,1700,0.0304659498207884,16101000
12/09/2023,54070.1892742433,55359.9369083078,53574.1324919108,55359.9369083078,1300,0.0238532110091743,4794326
11/09/2023,55359.9369083078,55756.7823341738,53375.7097789778,54070.1892742433,-1000,-0.0180180180180181,9091400
08/09/2023,54070.1892742433,56054.4164035733,54070.1892742433,55062.3028389083,500,0.00909090909090904,8805801
07/09/2023,54764.6687695088,55359.9369083078,53871.7665613103,54566.2460565758,0,0,6138400
06/09/2023,53871.7665613103,55161.5141953748,53375.7097789778,54566.2460565758,700,0.0128913443830572,5286700
05/09/2023,53375.7097789778,55062.3028389083,52978.8643531118,53871.7665613103,500,0.00929368029739774,8373500
31/08/2023,53574.1324919108,53970.9779177768,53078.0757095783,53375.7097789778,0,0,5706101
30/08/2023,52582.0189272458,54070.1892742433,52482.8075707792,53375.7097789778,900,0.0170132325141776,7507500
29/08/2023,51391.4826496477,52780.4416401788,51093.8485802482,52482.8075707792,1200,0.0232108317214701,8303900
28/08/2023,50498.5804414492,51490.6940061142,50002.5236591167,51292.2712931812,1200,0.0237623762376238,8495501
25/08/2023,49903.3123026502,50994.6372237817,49605.6782332507,50101.7350155832,200,0.00397614314115313,7139004
24/08/2023,49308.0441638512,50399.3690849827,49308.0441638512,49903.3123026502,600,0.012072434607646,6633802
23/08/2023,50300.1577285162,50300.1577285162,48811.9873815187,49308.0441638512,-300,-0.00600000000000001,5162501
22/08/2023,48712.7760250522,49804.1009461837,46976.5772868884,49605.6782332507,1000,0.0204081632653061,10445809
21/08/2023,49605.6782332507,50101.7350155832,48365.5362774194,48613.5646685857,-1200,-0.0239043824701195,7946812
18/08/2023,53474.9211354443,53474.9211354443,49804.1009461837,49804.1009461837,-3700,-0.0686456400742115,14657501
17/08/2023,53673.3438483773,54764.6687695088,52978.8643531118,53474.9211354443,100,0.0018587360594795,8131409
16/08/2023,53574.1324919108,53871.7665613103,52582.0189272458,53375.7097789778,-200,-0.00370370370370365,5174509
15/08/2023,54169.4006307098,55459.1482647743,53574.1324919108,53574.1324919108,-200,-0.00369003690036895,8931416
14/08/2023,53474.9211354443,53871.7665613103,52185.1735013797,53772.5552048438,900,0.0168855534709194,9615914
11/08/2023,51788.3280755137,52879.6529966453,50597.7917979157,52879.6529966453,1300,0.0249999999999999,6318830
10/08/2023,52582.0189272458,52582.0189272458,51292.2712931812,51589.9053625807,-600,-0.0114068441064639,5349915
09/08/2023,52978.8643531118,52978.8643531118,51589.9053625807,52185.1735013797,-1000,-0.0186567164179104,8966026
08/08/2023,53574.1324919108,53871.7665613103,52978.8643531118,53177.2870660448,-200,-0.00371747211895912,5735023
07/08/2023,53276.4984225113,54467.0347001093,52879.6529966453,53375.7097789778,800,0.0150943396226415,6494424
04/08/2023,52582.0189272458,52780.4416401788,51887.5394319802,52582.0189272458,300,0.00569259962049329,7529425
03/08/2023,51391.4826496477,53276.4984225113,50994.6372237817,52284.3848578462,1000,0.0193423597678917,8773538
02/08/2023,51292.2712931812,52085.9621449132,51193.0599367147,51292.2712931812,0,0,5318322
01/08/2023,53673.3438483773,53673.3438483773,51292.2712931812,51292.2712931812,-2000,-0.037243947858473,7531817
31/07/2023,53574.1324919108,53772.5552048438,52185.1735013797,53276.4984225113,-800,-0.0146788990825688,8293143
28/07/2023,53474.9211354443,54467.0347001093,52780.4416401788,54070.1892742433,400,0.00739371534195943,4071718
27/07/2023,51986.7507884467,54070.1892742433,51788.3280755137,53673.3438483773,2000,0.0383877159309021,7173112
26/07/2023,52671.7995455043,53261.4092419092,51099.5070217579,51689.1167181628,-1000,-0.0186567164179104,6850222
25/07/2023,53556.2140901117,53556.2140901117,51983.9215663653,52671.7995455043,-900,-0.0165137614678899,4625913
24/07/2023,52082.1898490994,53556.2140901117,51099.5070217579,53556.2140901117,300,0.00571428571428578,4898428
21/07/2023,48249.7268224676,51590.8484354287,48102.3243983664,51590.8484354287,3400,0.0692464358452138,13787117
20/07/2023,47561.8488433285,48642.7999534042,47561.8488433285,48249.7268224676,600,0.0123711340206185,5743009
19/07/2023,47561.8488433285,48102.3243983664,47119.6415710249,47660.1171260627,450,0.00936524453694076,4356900
18/07/2023,47561.8488433285,47758.3854087968,46923.1050055566,47217.909853759,-600,-0.012332990750257,4761000
17/07/2023,48642.7999534042,48986.7389429737,47807.5195501639,47807.5195501639,-800,-0.0161779575328614,3285300
14/07/2023,48495.397529303,48593.6658120371,47660.1171260627,48593.6658120371,100,0.00202634245187427,6558000
13/07/2023,48347.9951052017,49035.8730843408,48298.8609638347,48495.397529303,200,0.00406917599186163,6163201
12/07/2023,47512.7147019615,48446.2633879359,47365.3122778602,48298.8609638347,350,0.00717213114754101,6441900
11/07/2023,46775.7025814553,47954.9219742651,46530.03187462,47954.9219742651,1050,0.0219895287958116,8835000
10/07/2023,45252.544199076,46923.1050055566,45006.8734922406,46923.1050055566,2250,0.0494505494505495,11422200
07/07/2023,42304.4957170515,44712.0686440382,42304.4957170515,44712.0686440382,2300,0.0532407407407407,9878200
06/07/2023,42648.434706621,42992.3736961906,42107.9591515832,42451.8981411527,-150,-0.0034602076124568,4541700
05/07/2023,42697.5688479881,43680.2516753296,42599.300565254,42599.300565254,100,0.00231213872832381,9840122
04/07/2023,42157.0932929503,42894.1054134564,41911.4225861149,42501.0322825198,250,0.0058139534883721,5499401
03/07/2023,42697.5688479881,42894.1054134564,42058.8250102161,42255.3615756844,-300,-0.00692840646651272,2779600
30/06/2023,41960.556727482,43139.7761202918,41764.0201620137,42550.1664238869,600,0.0140515222482436,5148300
29/06/2023,42746.7029893552,43139.7761202918,41960.556727482,41960.556727482,-1200,-0.0273348519362187,4800200
28/06/2023,43434.5809684942,43680.2516753296,42451.8981411527,43139.7761202918,-300,-0.00678733031674206,4644609
27/06/2023,43581.9833925955,44122.4589476333,42992.3736961906,43434.5809684942,-150,-0.00338218714768879,3814200
26/06/2023,42795.8371307223,43729.3858166967,41862.2884447478,43581.9833925955,1450,0.0337995337995338,6948400
23/06/2023,42304.4957170515,42451.8981411527,41960.556727482,42157.0932929503,-150,-0.00348432055749126,3989200
22/06/2023,42107.9591515832,42894.1054134564,41616.6177379125,42304.4957170515,350,0.00819672131147531,5100101
21/06/2023,41764.0201620137,41960.556727482,41469.2153138112,41960.556727482,200,0.00470588235294112,4762600
20/06/2023,40879.6056174063,41764.0201620137,40879.6056174063,41764.0201620137,1000,0.0240963855421688,3868200
19/06/2023,40633.934910571,40977.8739001405,40388.2642037356,40781.3373346722,150,0.00362756952841603,2986700
16/06/2023,41223.5446069759,41567.4835965454,40437.3983451027,40633.934910571,-350,-0.00839328537170259,5147000
15/06/2023,41321.81288971,41665.7518792795,40732.2031933051,40977.8739001405,-350,-0.00832342449464918,3600700
14/06/2023,42255.3615756844,42255.3615756844,41321.81288971,41321.81288971,-950,-0.022093023255814,3831500
13/06/2023,42648.434706621,42648.434706621,41862.2884447478,42255.3615756844,0,0,4493800
12/06/2023,40928.7397587734,42255.3615756844,40781.3373346722,42255.3615756844,1600,0.038647342995169,7248100
09/06/2023,40289.9959210014,40683.069051938,39798.6545073307,40683.069051938,750,0.018450184501845,4393100
08/06/2023,41272.6787483429,41272.6787483429,39896.9227900648,39946.0569314319,-1150,-0.027511961722488,4677900
07/06/2023,41076.1421828746,41223.5446069759,40339.1300623685,41076.1421828746,0,0,5520800
06/06/2023,40486.5324864697,41321.81288971,40339.1300623685,41076.1421828746,600,0.0145631067961165,4890500
05/06/2023,40289.9959210014,40879.6056174063,40093.4593555331,40486.5324864697,400,0.00980392156862742,6786200
02/06/2023,38766.8375386221,40142.5934969002,38521.1668317867,40093.4593555331,1500,0.0381679389312977,6117900
01/06/2023,38668.569255888,38815.9716799892,38029.825418116,38619.4351145209,100,0.00255102040816335,4522900
31/05/2023,38619.4351145209,38766.8375386221,38275.4961249514,38521.1668317867,-200,-0.00507614213197971,1995100
30/05/2023,38177.2278422172,39110.7765281916,38177.2278422172,38717.703397255,700,0.0180878552971577,4840001
29/05/2023,37784.1547112806,38029.825418116,37489.3498630782,38029.825418116,500,0.0130890052356021,3747700
26/05/2023,37391.081580344,37735.0205699136,37341.9474389769,37538.4840044453,200,0.00526315789473686,2342500
25/05/2023,37292.8132976099,37735.0205699136,37145.4108735087,37341.9474389769,50,0.00131752305665356,2910600
24/05/2023,37735.0205699136,37784.1547112806,37243.6791562428,37292.8132976099,-300,-0.00784313725490193,2884600
23/05/2023,37980.6912767489,38128.0937008501,37538.4840044453,37587.6181458123,-300,-0.00778210116731515,2536000
22/05/2023,37685.8864285465,37980.6912767489,37391.081580344,37882.4229940148,250,0.00652741514360322,1548200
19/05/2023,37440.2157217111,37636.7522871794,37145.4108735087,37636.7522871794,200,0.00524934383202091,1643100
18/05/2023,37882.4229940148,38029.825418116,37440.2157217111,37440.2157217111,-50,-0.0013106159895151,2874600
17/05/2023,37784.1547112806,37980.6912767489,37292.8132976099,37489.3498630782,-300,-0.00780234070221064,1326900
16/05/2023,38226.3619835843,38275.4961249514,37538.4840044453,37784.1547112806,-450,-0.0115681233933161,2419200
15/05/2023,38472.0326904197,38717.703397255,38177.2278422172,38226.3619835843,-100,-0.00256410256410256,2862401
12/05/2023,38078.9595594831,38422.8985490526,37538.4840044453,38324.6302663185,300,0.00775193798449614,2033800
11/05/2023,38472.0326904197,38668.569255888,37882.4229940148,38029.825418116,-300,-0.00769230769230767,2259300
10/05/2023,37391.081580344,38324.6302663185,37243.6791562428,38324.6302663185,1050,0.0276679841897234,3131601
09/05/2023,37194.5450148757,37685.8864285465,37194.5450148757,37292.8132976099,100,0.00264200792602387,981101
08/05/2023,37145.4108735087,37587.6181458123,37145.4108735087,37194.5450148757,50,0.00132275132275139,1349200
05/05/2023,37243.6791562428,37440.2157217111,36998.0084494074,37145.4108735087,-100,-0.00263852242744067,3642600
04/05/2023,37440.2157217111,38226.3619835843,37243.6791562428,37243.6791562428,-1300,-0.0331632653061225,4080400
28/04/2023,37980.6912767489,38521.1668317867,37931.5571353818,38521.1668317867,550,0.0142302716688227,5603700
27/04/2023,37833.2888526477,37980.6912767489,37489.3498630782,37980.6912767489,250,0.00651041666666674,1286400
26/04/2023,37047.1425907745,37735.0205699136,36998.0084494074,37735.0205699136,700,0.0185676392572944,1885600
25/04/2023,37931.5571353818,38128.0937008501,36850.6060253062,37047.1425907745,-700,-0.0182291666666666,4201356
24/04/2023,38521.1668317867,38619.4351145209,37587.6181458123,37735.0205699136,-900,-0.0229007633587787,5278200
21/04/2023,39700.3862245965,39700.3862245965,38619.4351145209,38619.4351145209,-1100,-0.0272277227722773,3295500
20/04/2023,39798.6545073307,39798.6545073307,39209.0448109258,39700.3862245965,-100,-0.0024691358024691,2496200
19/04/2023,39356.447235027,40584.8007692039,39307.3130936599,39798.6545073307,550,0.0137672090112642,3644500
18/04/2023,39847.7886486978,40044.3252141661,39258.1789522929,39258.1789522929,100,0.00250941028858209,3630700
17/04/2023,39159.9106695587,39307.3130936599,38865.1058213563,39159.9106695587,-150,-0.00375000000000003,1871300
14/04/2023,40535.6666278368,40683.069051938,39307.3130936599,39307.3130936599,-1050,-0.02557856272838,2679300
13/04/2023,40289.9959210014,40584.8007692039,39946.0569314319,40339.1300623685,300,0.00736196319018401,3716000
12/04/2023,39798.6545073307,40977.8739001405,39798.6545073307,40044.3252141661,50,0.00122850122850116,5666500
11/04/2023,40289.9959210014,40289.9959210014,39503.8496591282,39995.191072799,-300,-0.00731707317073171,5749500
10/04/2023,38521.1668317867,40437.3983451027,38521.1668317867,40289.9959210014,2000,0.0512820512820513,11233372
07/04/2023,38177.2278422172,38373.7644076855,37833.2888526477,38324.6302663185,-100,-0.00255754475703329,2661000
06/04/2023,39307.3130936599,39307.3130936599,38373.7644076855,38422.8985490526,-650,-0.0163522012578616,2531100
05/04/2023,39110.7765281916,39159.9106695587,38815.9716799892,39061.6423868246,-50,-0.00125628140703515,1735900
04/04/2023,38422.8985490526,39258.1789522929,38373.7644076855,39110.7765281916,800,0.0205128205128204,3133300
03/04/2023,38324.6302663185,38521.1668317867,38029.825418116,38324.6302663185,450,0.0116731517509727,3185100
31/03/2023,37882.4229940148,38275.4961249514,37587.6181458123,37882.4229940148,-50,-0.00129533678756477,3474400
30/03/2023,38128.0937008501,38521.1668317867,37489.3498630782,37931.5571353818,-100,-0.00258397932816534,6491100
29/03/2023,38570.3009731538,38668.569255888,38029.825418116,38029.825418116,-400,-0.0102301790281329,3006304
28/03/2023,37538.4840044453,38619.4351145209,37440.2157217111,38422.8985490526,1000,0.026246719160105,5829700
27/03/2023,37341.9474389769,37784.1547112806,37194.5450148757,37440.2157217111,150,0.00395256916996045,3170100
24/03/2023,36948.8743080404,37538.4840044453,36948.8743080404,37292.8132976099,150,0.00396825396825395,2964900
23/03/2023,36948.8743080404,37292.8132976099,36850.6060253062,37145.4108735087,-150,-0.00395256916996045,2890500
22/03/2023,37980.6912767489,37980.6912767489,37292.8132976099,37292.8132976099,-550,-0.0142857142857142,2637000
21/03/2023,38128.0937008501,38128.0937008501,36850.6060253062,37833.2888526477,400,0.0104986876640421,3378100
20/03/2023,38324.6302663185,38717.703397255,37391.081580344,37440.2157217111,-1300,-0.0329949238578681,3288800
17/03/2023,39209.0448109258,39209.0448109258,38177.2278422172,38717.703397255,0,0,1372278
16/03/2023,39307.3130936599,39307.3130936599,38128.0937008501,38717.703397255,-600,-0.015,2015000
15/03/2023,38914.2399627233,39405.5813763941,38717.703397255,39307.3130936599,1400,0.0362694300518134,2316600
14/03/2023,38619.4351145209,38914.2399627233,37636.7522871794,37931.5571353818,-800,-0.0203045685279187,1834600
13/03/2023,39061.6423868246,39307.3130936599,38717.703397255,38717.703397255,-350,-0.00880503144654088,1349100
10/03/2023,39209.0448109258,39405.5813763941,38717.703397255,39061.6423868246,-250,-0.00624999999999998,1611840
09/03/2023,38914.2399627233,39847.7886486978,38865.1058213563,39307.3130936599,600,0.015228426395939,2796410
08/03/2023,38324.6302663185,38865.1058213563,37980.6912767489,38717.703397255,-300,-0.00755667506297231,3249400
07/03/2023,39307.3130936599,39503.8496591282,38521.1668317867,39012.5082454575,300,0.00761421319796951,1618818
06/03/2023,39258.1789522929,39798.6545073307,38717.703397255,38717.703397255,0,0,1474200
03/03/2023,39602.1179418624,39896.9227900648,38717.703397255,38717.703397255,-900,-0.0223325062034739,1878100
02/03/2023,40093.4593555331,40289.9959210014,39307.3130936599,39602.1179418624,-500,-0.0122549019607843,1101300
01/03/2023,39307.3130936599,40289.9959210014,38570.3009731538,40093.4593555331,800,0.02,1904100
28/02/2023,39798.6545073307,40486.5324864697,39159.9106695587,39307.3130936599,-500,-0.0123456790123457,1596900
27/02/2023,40289.9959210014,41174.4104656088,39798.6545073307,39798.6545073307,-1600,-0.0380047505938242,2238200
24/02/2023,41764.0201620137,42206.2274343174,40879.6056174063,41370.9470310771,-900,-0.0209302325581395,2653700
23/02/2023,42058.8250102161,42255.3615756844,41272.6787483429,42255.3615756844,0,0,4749300
22/02/2023,43238.0444030259,43729.3858166967,42255.3615756844,42255.3615756844,-1500,-0.0337078651685393,2544500
21/02/2023,43631.1175339625,44466.3979372028,43631.1175339625,43729.3858166967,200,0.00451467268623018,1405600
20/02/2023,42451.8981411527,43532.8492512284,42009.6908688491,43532.8492512284,1050,0.0242774566473989,2358600
17/02/2023,42550.1664238869,42550.1664238869,42107.9591515832,42501.0322825198,-50,-0.00115473441108549,2236500
16/02/2023,42451.8981411527,42746.7029893552,42058.8250102161,42550.1664238869,550,0.0128654970760234,3311500
15/02/2023,41764.0201620137,42746.7029893552,41764.0201620137,42009.6908688491,250,0.00588235294117645,3123400
14/02/2023,42058.8250102161,42255.3615756844,41665.7518792795,41764.0201620137,0,0,3939400
13/02/2023,41370.9470310771,41764.0201620137,40781.3373346722,41764.0201620137,400,0.00950118764845609,3560500
10/02/2023,43238.0444030259,43680.2516753296,41370.9470310771,41370.9470310771,-1900,-0.0431818181818182,5418900
09/02/2023,43631.1175339625,44662.9345026711,43238.0444030259,43238.0444030259,-500,-0.0112359550561798,4760100
08/02/2023,44908.6052095065,45203.4100577089,43729.3858166967,43729.3858166967,-1200,-0.0262582056892779,6504800
07/02/2023,45842.1538954809,47168.7757123919,44908.6052095065,44908.6052095065,-1450,-0.0307529162248145,12989700
06/02/2023,46186.0928850504,46382.6294505187,44908.6052095065,46333.4953091517,-650,-0.0135983263598326,11732900
03/02/2023,47217.909853759,47758.3854087968,46972.2391469236,46972.2391469236,-2100,-0.0420841683366734,13283465
02/02/2023,46136.9587436834,49035.8730843408,45498.2149059114,49035.8730843408,2800,0.059447983014862,13392800
01/02/2023,45399.9466231772,46333.4953091517,44908.6052095065,46284.3611677846,600,0.0129032258064516,10006500
31/01/2023,45105.1417749748,45694.7514713797,44564.666219937,45694.7514713797,300,0.00649350649350655,7683800
30/01/2023,45105.1417749748,45989.5563195821,44613.800361304,45399.9466231772,300,0.00653594771241828,3206700
27/01/2023,45596.4831886455,46087.8246023163,45105.1417749748,45105.1417749748,300,0.00657894736842102,2619800
19/01/2023,44171.5930890004,45301.6783404431,43975.0565235321,44810.3369267723,650,0.0144605116796441,3493900
18/01/2023,42746.7029893552,44417.2637958357,42501.0322825198,44171.5930890004,1900,0.0441347270615564,3686900
17/01/2023,41665.7518792795,42648.434706621,41469.2153138112,42304.4957170515,1150,0.0274463007159904,2760600
16/01/2023,41321.81288971,41567.4835965454,40977.8739001405,41174.4104656088,-150,-0.00356718192627825,1408900
13/01/2023,41665.7518792795,41911.4225861149,41321.81288971,41321.81288971,-50,-0.00118764845605701,1129500
12/01/2023,41813.1543033808,42255.3615756844,41321.81288971,41370.9470310771,-450,-0.0105757931844889,1625100
11/01/2023,41567.4835965454,42451.8981411527,41567.4835965454,41813.1543033808,350,0.0082938388625593,1961200
10/01/2023,41272.6787483429,41862.2884447478,41174.4104656088,41469.2153138112,200,0.00476190476190475,1494300
09/01/2023,42402.7639997857,42550.1664238869,41272.6787483429,41272.6787483429,-1150,-0.0266512166859791,2663500
06/01/2023,42844.9712720893,43090.6419789247,42402.7639997857,42402.7639997857,-450,-0.0103211009174312,2077500
05/01/2023,43139.7761202918,43238.0444030259,42550.1664238869,42844.9712720893,100,0.00229885057471257,1602800
04/01/2023,42353.6298584186,43532.8492512284,42353.6298584186,42746.7029893552,-450,-0.0102389078498294,1872700
03/01/2023,42058.8250102161,43238.0444030259,41764.0201620137,43188.9102616589,1050,0.0244755244755244,1998900
30/12/2022,42058.8250102161,42255.3615756844,41321.81288971,42157.0932929503,0,0,3402400
29/12/2022,41764.0201620137,42157.0932929503,41370.9470310771,42157.0932929503,,,1512100
28/12/2022,42255.3615756844,42451.8981411527,41174.4104656088,42255.3615756844,,,3129600
27/12/2022,40781.3373346722,43041.5078375576,40781.3373346722,43041.5078375576,,,2455100
26/12/2022,44712.0686440382,44957.7393508736,41862.2884447478,41862.2884447478,,,9209500
23/12/2022,45694.7514713797,45694.7514713797,44761.2027854053,45006.8734922406,,,2651400
22/12/2022,45547.3490472785,45891.288036848,44515.5320785699,45694.7514713797,,,2255800
21/12/2022,45694.7514713797,45940.4221782151,43581.9833925955,45596.4831886455,,,2096100
20/12/2022,45793.0197541138,46038.6904609492,43434.5809684942,45694.7514713797,,,3401500
19/12/2022,46775.7025814553,47954.9219742651,46333.4953091517,46333.4953091517,,,3782800
16/12/2022,45940.4221782151,47119.6415710249,45105.1417749748,47021.3732882907,,,3003400
15/12/2022,45645.6173300126,46677.4342987212,45350.8124818102,46186.0928850504,,,2539400
14/12/2022,46480.8977332529,46480.8977332529,45006.8734922406,45645.6173300126,,,2240600
13/12/2022,44957.7393508736,45596.4831886455,43631.1175339625,45596.4831886455,,,2745200
12/12/2022,45399.9466231772,46480.8977332529,44220.7272303674,45105.1417749748,,,3474400
09/12/2022,45203.4100577089,45793.0197541138,44564.666219937,45399.9466231772,,,1675300
08/12/2022,45006.8734922406,46186.0928850504,44417.2637958357,45203.4100577089,,,2677700
07/12/2022,43581.9833925955,44220.7272303674,42746.7029893552,44073.3248062662,,,2930100
06/12/2022,46382.6294505187,46382.6294505187,43581.9833925955,43581.9833925955,,,4561500
05/12/2022,46235.2270264175,48004.0561156322,46235.2270264175,46775.7025814553,,,4646000
02/12/2022,42648.434706621,46186.0928850504,42648.434706621,46186.0928850504,,,7064800
01/12/2022,44220.7272303674,44810.3369267723,42009.6908688491,43287.178544393,,,5985800
30/11/2022,42844.9712720893,44220.7272303674,42255.3615756844,43336.3126857601,,,3777700
29/11/2022,39798.6545073307,42058.8250102161,39798.6545073307,42058.8250102161,,,5518600
28/11/2022,37636.7522871794,39700.3862245965,37636.7522871794,39454.7155177612,,,4322000
25/11/2022,36899.7401666733,37636.7522871794,35867.9231979647,37145.4108735087,,,3195300
24/11/2022,38521.1668317867,38521.1668317867,37047.1425907745,37047.1425907745,,,13884600
23/11/2022,39602.1179418624,40191.7276382673,39405.5813763941,39798.6545073307,,,1510200
22/11/2022,39503.8496591282,40879.6056174063,39159.9106695587,39503.8496591282,,,3707900
21/11/2022,41223.5446069759,41223.5446069759,39946.0569314319,39946.0569314319,,,1862800
18/11/2022,40289.9959210014,41518.3494551783,39209.0448109258,41420.0811724442,,,4447700
17/11/2022,41027.0080415076,42157.0932929503,40093.4593555331,41076.1421828746,,,3201200
16/11/2022,34639.5696637878,39749.5203659636,34639.5696637878,39749.5203659636,,,9358100
15/11/2022,37538.4840044453,38815.9716799892,37194.5450148757,37194.5450148757,,,4327900
14/11/2022,41272.6787483429,42009.6908688491,39700.3862245965,39946.0569314319,,,3561900
11/11/2022,42648.434706621,43631.1175339625,42255.3615756844,42255.3615756844,,,3645900
10/11/2022,44171.5930890004,44171.5930890004,41616.6177379125,41616.6177379125,,,3670600
09/11/2022,44220.7272303674,45645.6173300126,43778.5199580638,44712.0686440382,,,2234900
08/11/2022,42107.9591515832,44810.3369267723,40584.8007692039,43827.6540994308,,,4153800
07/11/2022,45203.4100577089,45743.8856127468,42107.9591515832,42107.9591515832,,,6474200
04/11/2022,46726.5684400883,47168.7757123919,45252.544199076,45252.544199076,,,6372900
03/11/2022,48151.4585397334,49428.9462152774,47267.0439951261,48642.7999534042,,,2640000
02/11/2022,49134.1413670749,49428.9462152774,45989.5563195821,47168.7757123919,,,4983700
01/11/2022,51099.5070217579,51590.8484354287,49232.4096498091,49232.4096498091,,,2039200
31/10/2022,51492.5801526945,51983.9215663653,48642.7999534042,50706.4338908213,,,5555500
28/10/2022,52573.5312627702,53457.9458073775,51885.6532836311,52278.7264145677,,,1865000
27/10/2022,50411.6290426189,52966.6043937068,50411.6290426189,52376.9946973019,,,3311200
26/10/2022,51197.7753044921,51590.8484354287,49723.7510634798,51001.2387390238,,,2405200
25/10/2022,49822.019346214,53064.8726764409,48151.4585397334,51099.5070217579,,,4670700
24/10/2022,53556.2140901117,54047.5555037824,49723.7510634798,49723.7510634798,,,6018000
21/10/2022,57290.4088340094,57290.4088340094,53457.9458073775,53457.9458073775,,,8142300
20/10/2022,57192.1405512752,57978.2868131484,56897.3357030728,57388.6771167435,,,1936900
19/10/2022,58174.8233786167,58469.6282268192,57290.4088340094,57978.2868131484,,,1537400
18/10/2022,58862.7013577558,59452.3110541607,57585.2136822118,57978.2868131484,,,2408900
17/10/2022,58567.8965095533,58567.8965095533,56799.0674203386,57880.0185304143,,,2810800
14/10/2022,56995.6039858069,59255.7744886924,56995.6039858069,58862.7013577558,,,3209900
13/10/2022,56012.9211584654,57192.1405512752,55521.5797447947,56602.5308548703,,,1986100
12/10/2022,54538.8969174532,57781.7502476801,54538.8969174532,56504.2625721362,,,2886100
11/10/2022,56111.1894411996,56602.5308548703,53163.1409591751,54440.628634719,,,2967300
10/10/2022,52180.4581318336,56307.7260066679,52082.1898490994,56111.1894411996,,,3969100
07/10/2022,55521.5797447947,56897.3357030728,53064.8726764409,53064.8726764409,,,8527200
06/10/2022,61122.8718606412,61221.1401433754,56995.6039858069,56995.6039858069,,,4352900
05/10/2022,59943.6524678314,62007.2864052486,59943.6524678314,61122.8718606412,,,2192200
04/10/2022,60140.1890332997,60238.4573160339,59059.2379232241,59943.6524678314,,,4254500
03/10/2022,61810.7498397803,61810.7498397803,58567.8965095533,58567.8965095533,,,4252600
30/09/2022,62596.8961016535,63088.2375153242,60631.5304469705,62891.7009498559,,,5747900
29/09/2022,65348.4080182097,65348.4080182097,62596.8961016535,62891.7009498559,,,2545200
28/09/2022,64955.3348872731,65839.7494318804,63874.3837771974,63874.3837771974,,,2724500
27/09/2022,66232.822562817,66822.4322592219,65643.2128664121,65938.0177146146,,,2741100
26/09/2022,66625.8956937536,67018.9688246902,64463.9934736023,66822.4322592219,,,5349300
23/09/2022,68886.0661966391,68886.0661966391,67412.0419556268,68198.1882175,,,5420296
22/09/2022,67903.3833692976,69573.9441757781,67117.2371074244,68886.0661966391,,,5551400
21/09/2022,69770.4807412464,69770.4807412464,68787.7979139049,68787.7979139049,,,3366200
20/09/2022,69672.2124585123,70753.1635685879,68001.6516520317,70458.3587203855,,,3380900
19/09/2022,70753.1635685879,71539.3098304611,67903.3833692976,69279.1393275757,,,4845600
16/09/2022,72128.919526866,72423.7243750684,70163.553872183,70753.1635685879,,,4479700
15/09/2022,72423.7243750684,73504.6754851441,72128.919526866,72620.2609405367,,,4071600
14/09/2022,71441.0415477269,72620.2609405367,71342.7732649928,72423.7243750684,,,3955200
13/09/2022,72718.5292232709,73111.6023542075,72030.6512441319,72816.7975060051,,,2158200
12/09/2022,70949.7001340562,74094.285181549,70851.4318513221,72718.5292232709,,,7347100
09/09/2022,70753.1635685879,71146.2366995245,69573.9441757781,70753.1635685879,,,2858308
08/09/2022,70261.8221549171,71047.9684167904,69279.1393275757,70261.8221549171,,,4196100
07/09/2022,71342.7732649928,71539.3098304611,69377.4076103098,69475.675893044,,,5883400
06/09/2022,71342.7732649928,72030.6512441319,71146.2366995245,71637.5781131953,,,2623900
05/09/2022,72620.2609405367,72620.2609405367,71244.5049822586,71244.5049822586,,,2747600
31/08/2022,71244.5049822586,72718.5292232709,71244.5049822586,72718.5292232709,,,5018200
30/08/2022,73209.8706369417,73701.2120506124,71637.5781131953,72030.6512441319,,,4835400
29/08/2022,70556.6270031196,72718.5292232709,69475.675893044,72718.5292232709,,,9374800
26/08/2022,67510.310238361,71834.1146786636,67510.310238361,70949.7001340562,,,10847500
25/08/2022,66527.6274110195,67510.310238361,66134.5542800829,67215.5053901585,,,5301400
24/08/2022,65741.4811491463,66036.2859973487,65151.8714527414,65643.2128664121,,,2451000
23/08/2022,64758.7983218048,66625.8956937536,64758.7983218048,65741.4811491463,,,4463200
22/08/2022,63481.3106462608,65741.4811491463,63383.0423635267,65348.4080182097,,,5855600
19/08/2022,63383.0423635267,64267.456908134,62007.2864052486,62989.9692325901,,,2866400
18/08/2022,63874.3837771974,64660.5300390706,62793.4326671218,63383.0423635267,,,4463200
17/08/2022,64857.0666045389,65250.1397354755,63874.3837771974,63874.3837771974,,,2548800
16/08/2022,63874.3837771974,65839.7494318804,63874.3837771974,64857.0666045389,,,4322478
15/08/2022,62203.8229707169,63874.3837771974,61909.0181225144,63874.3837771974,,,5610900
12/08/2022,61810.7498397803,62596.8961016535,61122.8718606412,61909.0181225144,,,2949300
11/08/2022,62891.7009498559,63088.2375153242,61417.6767088437,61909.0181225144,,,3426000
10/08/2022,62203.8229707169,63186.5057980584,61909.0181225144,62498.6278189193,,,2521000
09/08/2022,62007.2864052486,62498.6278189193,61810.7498397803,62203.8229707169,,,3532200
08/08/2022,61614.213274312,61810.7498397803,61221.1401433754,61810.7498397803,,,3369300
05/08/2022,61810.7498397803,62400.3595361852,61515.9449915778,61614.213274312,,,3892800
04/08/2022,61122.8718606412,61909.0181225144,61024.6035779071,61614.213274312,,,4744300
03/08/2022,60926.3352951729,61122.8718606412,60238.4573160339,60729.7987297046,,,3734700
02/08/2022,60729.7987297046,61417.6767088437,60238.4573160339,60926.3352951729,,,2152500
01/08/2022,59943.6524678314,60828.0670124388,58960.9696404899,60238.4573160339,,,4232500
29/07/2022,61319.4084261095,61319.4084261095,59943.6524678314,59943.6524678314,,,4317000
28/07/2022,61909.0181225144,61909.0181225144,60926.3352951729,60926.3352951729,,,3253400
27/07/2022,59059.2379232241,61909.0181225144,59059.2379232241,61024.6035779071,,,3654000
26/07/2022,62793.4326671218,62793.4326671218,61712.4815570461,61909.0181225144,,,2384400
25/07/2022,63677.8472117291,64660.5300390706,61614.213274312,62203.8229707169,,,5874900
22/07/2022,63776.1154944633,65643.2128664121,63088.2375153242,63383.0423635267,,,6409100
21/07/2022,60140.1890332997,63383.0423635267,60140.1890332997,62989.9692325901,,,5893300
20/07/2022,58174.8233786167,61909.0181225144,57192.1405512752,60140.1890332997,,,7993100
19/07/2022,60140.1890332997,60140.1890332997,58469.6282268192,58960.9696404899,,,2429700
18/07/2022,60434.9938815022,61810.7498397803,59157.5062059582,59943.6524678314,,,2540800
15/07/2022,61712.4815570461,62105.5546879827,60434.9938815022,60434.9938815022,,,3080300
14/07/2022,61810.7498397803,62891.7009498559,61221.1401433754,61515.9449915778,,,2134700
13/07/2022,62891.7009498559,63088.2375153242,60828.0670124388,62498.6278189193,,,3311900
12/07/2022,63677.8472117291,63677.8472117291,62891.7009498559,63284.7740807925,,,1606300
11/07/2022,63677.8472117291,63776.1154944633,62891.7009498559,63383.0423635267,,,1740900
08/07/2022,63579.578928995,65348.4080182097,63284.7740807925,63874.3837771974,,,2586800
07/07/2022,62989.9692325901,63874.3837771974,62793.4326671218,62891.7009498559,,,1590000
06/07/2022,64365.7251908682,65151.8714527414,62891.7009498559,62891.7009498559,,,2590800
05/07/2022,66625.8956937536,66625.8956937536,62891.7009498559,64365.7251908682,,,3983400
04/07/2022,68787.7979139049,68886.0661966391,65446.6763009438,66625.8956937536,,,5181500
01/07/2022,70360.0904376513,70360.0904376513,67608.5785210951,69082.6027621074,,,3285200
30/06/2022,71834.1146786636,71834.1146786636,69967.0173067147,70261.8221549171,,,2713200
29/06/2022,71539.3098304611,72718.5292232709,69868.7490239806,71735.8463959294,,,4061200
28/06/2022,69770.4807412464,71637.5781131953,69770.4807412464,71539.3098304611,,,4788800
27/06/2022,70458.3587203855,71244.5049822586,69868.7490239806,70261.8221549171,,,3160200
24/06/2022,72227.1878096002,72227.1878096002,70163.553872183,70654.8952858538,,,3516400
23/06/2022,68787.7979139049,72227.1878096002,68591.2613484366,71244.5049822586,,,4908000
22/06/2022,74290.8217470173,74290.8217470173,68001.6516520317,68591.2613484366,,,4667200
21/06/2022,73701.2120506124,74487.3583124856,69770.4807412464,72227.1878096002,,,3553300
20/06/2022,76649.2605326369,76649.2605326369,72325.4560923343,72620.2609405367,,,4804900
17/06/2022,77631.9433599784,77631.9433599784,74978.6997261563,76354.4556844345,,,5145600
16/06/2022,77631.9433599784,77631.9433599784,76256.1874017003,77631.9433599784,,,6715400
15/06/2022,71244.5049822586,72571.1267991697,70753.1635685879,72571.1267991697,,,3570700
14/06/2022,68050.7857933988,70900.5659926891,67805.1150865634,70507.4928617525,,,2786200
13/06/2022,71244.5049822586,72472.8585164355,68787.7979139049,68787.7979139049,,,4129500
10/06/2022,75666.5777052954,76157.9191189661,73701.2120506124,73701.2120506124,,,2042200
09/06/2022,75371.772857093,76157.9191189661,74339.9558883844,75076.9680088905,,,1340200
08/06/2022,75813.9801293966,77582.8092186113,75371.772857093,75371.772857093,,,2256200
07/06/2022,75666.5777052954,75666.5777052954,73209.8706369417,75175.2362916247,,,1845100
06/06/2022,75177.4595538357,76397.8728582811,75177.4595538357,75519.1752790804,,,2317240
03/06/2022,72102.0180266334,75323.9091503692,72102.0180266334,74786.9272964132,,,1839100
02/06/2022,71516.2196404996,73468.8809276122,71028.0543187214,72102.0180266334,,,2058300
01/06/2022,70735.1551256545,71760.3023013886,70295.8063360542,71028.0543187214,,,1087400
31/05/2022,70881.604722188,70881.604722188,69807.641014276,70735.1551256545,,,1258200
30/05/2022,71613.8527048552,72004.3849622777,70002.9071429873,70881.604722188,,,1613800
27/05/2022,67952.612791519,71711.4857692108,67952.612791519,71613.8527048552,,,2550700
26/05/2022,68343.1450489416,68587.2277098306,66390.483761829,67854.9797271634,,,1206600
25/05/2022,65609.4192469839,69075.3930316088,65414.1531182726,67854.9797271634,,,1558000
24/05/2022,63900.8406207604,64925.9877964945,63363.8587668044,64925.9877964945,,,577700
23/05/2022,65902.3184400508,65902.3184400508,63461.49183116,63852.0240885825,,,1137200
20/05/2022,64681.9051356054,66292.8506974733,64437.8224747163,65414.1531182726,,,945300
19/05/2022,63461.49183116,65170.0704573836,63119.7761059153,64925.9877964945,,,839200
18/05/2022,64291.3728781829,65267.7035217392,63363.8587668044,65170.0704573836,,,805600
17/05/2022,60971.8486900914,64242.5563460051,59556.1692569348,64242.5563460051,,,1055800
16/05/2022,64681.9051356054,64681.9051356054,59165.6369995123,60044.3345787129,,,1364200
13/05/2022,65609.4192469839,65951.1349722286,61069.4817544471,61069.4817544471,,,3596500
12/05/2022,68294.3285167637,68294.3285167637,65609.4192469839,65609.4192469839,,,1833900
11/05/2022,68440.7781132972,68831.3103707197,66976.2821479627,68831.3103707197,,,1562400
10/05/2022,65902.3184400508,68391.9615811194,64925.9877964945,68391.9615811194,,,2623800
09/05/2022,70393.4394004098,70442.2559325876,66585.7498905402,66585.7498905402,,,2994900
06/05/2022,71516.2196404996,72687.8164127671,71320.9535117883,71565.0361726774,,,1376700
05/05/2022,73468.8809276122,73468.8809276122,70832.7881900102,72931.8990736562,,,1718900
04/05/2022,73224.7982667231,73957.0462493903,72492.5502840559,72980.715605834,,,1265800
29/04/2022,70881.604722188,73224.7982667231,70881.604722188,72834.2660093006,,,2917300
28/04/2022,72004.3849622777,72736.6329449449,70686.3385934767,70783.9716578323,,,2231600
27/04/2022,71272.1369796105,72004.3849622777,69807.641014276,71857.9353657443,,,2399300
26/04/2022,68831.3103707197,73664.1470563234,67854.9797271634,72638.9998805893,,,3869650
25/04/2022,75177.4595538357,75812.0744721473,70735.1551256545,70735.1551256545,,,4170517
22/04/2022,76446.6893904589,76641.9555191702,70832.7881900102,76056.1571330364,,,4639300
21/04/2022,75275.0926181913,76886.0381800593,75031.0099573023,75909.707536503,,,2304500
20/04/2022,75714.4414077917,77813.5522914378,75079.8264894801,76153.790197392,,,2200700
19/04/2022,77960.0018879712,78643.4333384606,75665.6248756139,76153.790197392,,,4081200
18/04/2022,78594.6168062828,79082.782128061,77667.1026949043,78204.0845488603,,,2933800
15/04/2022,76886.0381800593,79033.9655958831,76739.5885835258,78204.0845488603,,,2959800
14/04/2022,76251.4232617477,79473.3143854835,75665.6248756139,77862.3688236156,,,2992800
13/04/2022,73712.9635885013,76641.9555191702,73468.8809276122,76251.4232617477,,,12958400
12/04/2022,73224.7982667231,74542.8446355241,71272.1369796105,74542.8446355241,,,4276300
08/04/2022,75665.6248756139,75665.6248756139,73224.7982667231,73224.7982667231,,,3040400
07/04/2022,78008.818420149,78155.2680166825,74982.1934251245,75665.6248756139,,,6882800
06/04/2022,75177.4595538357,79082.782128061,74884.5603607688,77520.6530983709,,,2980900
05/04/2022,74933.3768929466,76446.6893904589,74689.2942320576,75763.2579399695,,,1390100
04/04/2022,77374.2035018374,77471.836566193,75665.6248756139,75665.6248756139,,,1740500
01/04/2022,72004.3849622777,76153.790197392,71809.1188335665,76153.790197392,,,4330400
31/03/2022,70295.8063360542,72492.5502840559,69563.5583533869,71174.5039152549,,,2019700
30/03/2022,71028.0543187214,71711.4857692108,68391.9615811194,70491.0724647654,,,1966700
29/03/2022,71028.0543187214,72883.0825414784,70295.8063360542,71516.2196404996,,,3220500
28/03/2022,67952.612791519,70344.622868232,67806.1631949856,70295.8063360542,,,4758517
25/03/2022,65755.8688435173,68538.4111776528,65267.7035217392,67806.1631949856,,,3972700
24/03/2022,65902.3184400508,65902.3184400508,64925.9877964945,65414.1531182726,,,1093000
23/03/2022,65755.8688435173,66585.7498905402,65707.0523113395,65902.3184400508,,,1034500
22/03/2022,65902.3184400508,66390.483761829,65218.8869895614,65999.9515044064,,,1176000
21/03/2022,64437.8224747163,65853.501907873,64193.7398138273,65853.501907873,,,2014900
18/03/2022,63852.0240885825,64340.1894103607,63852.0240885825,64242.5563460051,,,893400
17/03/2022,64340.1894103607,64437.8224747163,63852.0240885825,63852.0240885825,,,1053100
16/03/2022,64047.2902172938,64437.8224747163,63461.49183116,64144.9232816494,,,1230100
15/03/2022,63803.2075564047,64144.9232816494,62973.3265093819,64144.9232816494,,,1132300
14/03/2022,64486.6390068941,64828.3547321389,63217.4091702709,64291.3728781829,,,1226700
11/03/2022,65121.2539252057,65121.2539252057,64437.8224747163,64925.9877964945,,,773000
10/03/2022,65414.1531182726,65414.1531182726,64730.7216677832,65170.0704573836,,,1129500
09/03/2022,65462.9696504504,65462.9696504504,64681.9051356054,65316.520053917,,,2719500
08/03/2022,65414.1531182726,65658.2357791617,64633.0886034276,65511.7861826283,,,2397200
07/03/2022,65658.2357791617,65902.3184400508,65414.1531182726,65511.7861826283,,,1489600
04/03/2022,66634.566422718,66683.3829548958,65707.0523113395,66292.8506974733,,,2023000
03/03/2022,65902.3184400508,66634.566422718,65218.8869895614,66634.566422718,,,1136700
02/03/2022,66292.8506974733,66292.8506974733,65414.1531182726,65658.2357791617,,,1770200
01/03/2022,66829.8325514293,66878.6490836071,65951.1349722286,66390.483761829,,,1210200
28/02/2022,66634.566422718,67366.8144053852,66146.4011009399,66390.483761829,,,2124400
25/02/2022,66829.8325514293,68245.5119845859,66390.483761829,67171.548276674,,,2715300
24/02/2022,66878.6490836071,67220.3648088518,66146.4011009399,66781.0160192515,,,1224200
23/02/2022,67220.3648088518,68636.0442420084,66829.8325514293,67269.1813410296,,,1938800
22/02/2022,64925.9877964945,67952.612791519,64633.0886034276,67220.3648088518,,,3739400
21/02/2022,64681.9051356054,65853.501907873,64681.9051356054,65365.3365860948,,,612100
18/02/2022,64486.6390068941,65414.1531182726,64486.6390068941,65414.1531182726,,,467800
17/02/2022,64437.8224747163,65658.2357791617,64389.0059425385,65658.2357791617,,,1059100
16/02/2022,65511.7861826283,65511.7861826283,64242.5563460051,64877.1712643167,,,562000
15/02/2022,64779.538199961,65365.3365860948,64193.7398138273,65072.4373930279,,,1282900
14/02/2022,65365.3365860948,65902.3184400508,64437.8224747163,64437.8224747163,,,1410300
11/02/2022,65902.3184400508,66390.483761829,65902.3184400508,66048.7680365842,,,641500
10/02/2022,66878.6490836071,66976.2821479627,65658.2357791617,66536.9333583624,,,1079300
09/02/2022,66536.9333583624,67122.7317444962,66390.483761829,66878.6490836071,,,1207000
08/02/2022,65365.3365860948,66781.0160192515,65365.3365860948,66536.9333583624,,,1450000
07/02/2022,64925.9877964945,66244.0341652955,64925.9877964945,65365.3365860948,,,954600
28/01/2022,64096.1067494716,64681.9051356054,63315.0422346266,64681.9051356054,,,716300
27/01/2022,63900.8406207604,64584.2720712498,63070.9595737375,64193.7398138273,,,1019400
26/01/2022,63949.6571529382,64389.0059425385,62973.3265093819,64389.0059425385,,,954300
25/01/2022,63363.8587668044,63949.6571529382,62289.8950588925,63949.6571529382,,,1458200
24/01/2022,64535.455539072,65023.6208608501,63412.6752989822,63412.6752989822,,,920600
21/01/2022,65414.1531182726,65414.1531182726,64096.1067494716,65023.6208608501,,,1800100
20/01/2022,64925.9877964945,65414.1531182726,64486.6390068941,65414.1531182726,,,1234900
19/01/2022,63559.1248955157,65414.1531182726,63461.49183116,65170.0704573836,,,1956890
18/01/2022,62973.3265093819,64437.8224747163,62778.0603806706,63510.3083633378,,,2564000
17/01/2022,64925.9877964945,65365.3365860948,63461.49183116,63461.49183116,,,914800
14/01/2022,65902.3184400508,65902.3184400508,65023.6208608501,65414.1531182726,,,1919900
13/01/2022,66634.566422718,66634.566422718,64437.8224747163,66146.4011009399,,,2640900
12/01/2022,64340.1894103607,66390.483761829,63461.49183116,66390.483761829,,,1304800
11/01/2022,64925.9877964945,65658.2357791617,64291.3728781829,64340.1894103607,,,2038500
10/01/2022,66146.4011009399,66146.4011009399,64925.9877964945,64925.9877964945,,,5388500
07/01/2022,67122.7317444962,67122.7317444962,66146.4011009399,66146.4011009399,,,5678400
06/01/2022,66927.4656157849,67757.3466628078,66634.566422718,67122.7317444962,,,3482400
05/01/2022,67269.1813410296,68001.4293236969,66927.4656157849,66927.4656157849,,,2334600
04/01/2022,66341.6672296511,67952.612791519,65853.501907873,67269.1813410296,,,1327900
31/12/2021,65560.6027148061,66341.6672296511,65121.2539252057,66341.6672296511,,,1319900
30/12/2021,65658.2357791617,66097.5845687621,65414.1531182726,65560.6027148061,,,998600
29/12/2021,65707.0523113395,66390.483761829,65462.9696504504,65609.4192469839,,,2187000
28/12/2021,66146.4011009399,66292.8506974733,64974.8043286723,66292.8506974733,,,874300
27/12/2021,65755.8688435173,66097.5845687621,64925.9877964945,65853.501907873,,,805000
24/12/2021,65218.8869895614,65707.0523113395,64681.9051356054,65707.0523113395,,,560900
23/12/2021,65804.6853756952,66292.8506974733,64340.1894103607,65218.8869895614,,,2012500
22/12/2021,65218.8869895614,66878.6490836071,65121.2539252057,65804.6853756952,,,1300200
21/12/2021,64925.9877964945,64925.9877964945,64486.6390068941,64925.9877964945,,,522100
20/12/2021,65170.0704573836,65707.0523113395,64681.9051356054,64925.9877964945,,,1099600
17/12/2021,65218.8869895614,65902.3184400508,64974.8043286723,65658.2357791617,,,1433700
16/12/2021,66390.483761829,66390.483761829,65218.8869895614,65218.8869895614,,,1505700
15/12/2021,66097.5845687621,66390.483761829,65414.1531182726,66341.6672296511,,,1680400
14/12/2021,65755.8688435173,66390.483761829,65170.0704573836,66097.5845687621,,,1521700
13/12/2021,65609.4192469839,65853.501907873,65414.1531182726,65853.501907873,,,865900
10/12/2021,64974.8043286723,65853.501907873,64925.9877964945,65462.9696504504,,,817200
09/12/2021,65365.3365860948,65902.3184400508,65170.0704573836,65414.1531182726,,,1443000
08/12/2021,65218.8869895614,65902.3184400508,64925.9877964945,65365.3365860948,,,688700
07/12/2021,64144.9232816494,65170.0704573836,64144.9232816494,65170.0704573836,,,1229300
06/12/2021,65170.0704573836,65170.0704573836,61948.1793336477,64144.9232816494,,,1693200
03/12/2021,66536.9333583624,66878.6490836071,65170.0704573836,65170.0704573836,,,1116200
02/12/2021,67757.3466628078,67757.3466628078,66781.0160192515,66878.6490836071,,,663400
01/12/2021,66634.566422718,68343.1450489416,66439.3002940068,67806.1631949856,,,1902000
30/11/2021,67610.8970662743,68294.3285167637,66829.8325514293,67806.1631949856,,,1089100
29/11/2021,67806.1631949856,68684.8607741863,67073.9152123184,67122.7317444962,,,2370000
26/11/2021,70686.3385934767,71028.0543187214,69075.3930316088,69075.3930316088,,,6146900
25/11/2021,70344.622868232,70783.9716578323,69563.5583533869,70783.9716578323,,,936900
24/11/2021,69807.641014276,70295.8063360542,68977.7599672532,70295.8063360542,,,1971500
23/11/2021,67659.7135984521,70295.8063360542,67415.6309375631,69807.641014276,,,1926200
22/11/2021,68343.1450489416,68538.4111776528,67366.8144053852,67659.7135984521,,,1161600
19/11/2021,68343.1450489416,68831.3103707197,66390.483761829,67854.9797271634,,,1378000
18/11/2021,67513.2640019187,69075.3930316088,66781.0160192515,67854.9797271634,,,5270842
17/11/2021,67220.3648088518,67366.8144053852,66488.1168261846,67317.9978732074,,,1574900
16/11/2021,67366.8144053852,67854.9797271634,66390.483761829,67317.9978732074,,,1510600
15/11/2021,66536.9333583624,68294.3285167637,66536.9333583624,68050.2458558747,,,2651500
12/11/2021,66390.483761829,66390.483761829,65365.3365860948,66390.483761829,,,1184800
11/11/2021,64193.7398138273,66390.483761829,63705.5744920491,65902.3184400508,,,4441400
10/11/2021,63461.49183116,64193.7398138273,63217.4091702709,64193.7398138273,,,765400
09/11/2021,64340.1894103607,64437.8224747163,63461.49183116,63461.49183116,,,1269900
08/11/2021,64437.8224747163,64925.9877964945,64242.5563460051,64242.5563460051,,,1126300
05/11/2021,64925.9877964945,64925.9877964945,63949.6571529382,64437.8224747163,,,1663800
04/11/2021,62729.2438484928,63754.3910242269,62485.1611876037,63412.6752989822,,,950100
03/11/2021,62924.5099772041,63461.49183116,62241.0785267146,62875.6934450262,,,1569800
02/11/2021,62729.2438484928,63412.6752989822,62729.2438484928,62924.5099772041,,,970700
01/11/2021,64193.7398138273,64340.1894103607,62973.3265093819,63461.49183116,,,1220520
29/10/2021,64193.7398138273,64389.0059425385,63900.8406207604,64144.9232816494,,,1498200
28/10/2021,64096.1067494716,64681.9051356054,62729.2438484928,64437.8224747163,,,1189400
27/10/2021,62485.1611876037,64877.1712643167,62485.1611876037,64437.8224747163,,,2057800
26/10/2021,62485.1611876037,62485.1611876037,61948.1793336477,62485.1611876037,,,992900
25/10/2021,62485.1611876037,63363.8587668044,62485.1611876037,62680.427316315,,,1213700
22/10/2021,62631.6107841372,62680.427316315,62045.8123980034,62289.8950588925,,,1094100
21/10/2021,63070.9595737375,63461.49183116,61996.9958658256,61996.9958658256,,,1471700
20/10/2021,63412.6752989822,63949.6571529382,62485.1611876037,63070.9595737375,,,2820070
19/10/2021,63412.6752989822,63949.6571529382,63022.1430415597,63315.0422346266,,,1390800
18/10/2021,64535.455539072,64877.1712643167,63803.2075564047,63803.2075564047,,,1853900
15/10/2021,65170.0704573836,65267.7035217392,64437.8224747163,64633.0886034276,,,1697400
14/10/2021,65414.1531182726,65804.6853756952,64437.8224747163,65170.0704573836,,,2125700
13/10/2021,64584.2720712498,65511.7861826283,64486.6390068941,65365.3365860948,,,2392600
12/10/2021,63217.4091702709,64828.3547321389,63217.4091702709,64486.6390068941,,,3303110
11/10/2021,62924.5099772041,63315.0422346266,62241.0785267146,63217.4091702709,,,2149700
08/10/2021,62241.0785267146,63217.4091702709,62143.445462359,62875.6934450262,,,1668700
07/10/2021,62143.445462359,62631.6107841372,62143.445462359,62485.1611876037,,,1541260
06/10/2021,61850.5462692921,63461.49183116,61704.0966727587,62631.6107841372,,,1798109
05/10/2021,61508.8305440474,61899.3628014699,61069.4817544471,61899.3628014699,,,1969300
04/10/2021,61020.6652222693,61606.463608403,60190.7841752464,61606.463608403,,,2190000
01/10/2021,61996.9958658256,62387.5281232481,61508.8305440474,61606.463608403,,,1370231
30/09/2021,62387.5281232481,62973.3265093819,61850.5462692921,62387.5281232481,,,1469700
29/09/2021,61899.3628014699,62729.2438484928,61899.3628014699,62387.5281232481,,,1708800
28/09/2021,60825.399093558,61996.9958658256,60483.6833683133,61850.5462692921,,,1344700
27/09/2021,62973.3265093819,62973.3265093819,61508.8305440474,61508.8305440474,,,5549850
24/09/2021,64535.455539072,65414.1531182726,63510.3083633378,63705.5744920491,,,2025700
23/09/2021,61752.9132049365,65121.2539252057,61752.9132049365,64437.8224747163,,,2966400
22/09/2021,60532.4999004911,61704.0966727587,60483.6833683133,61362.380947514,,,1293000
21/09/2021,59116.8204673344,61264.7478831583,59116.8204673344,60434.8668361355,,,1328400
20/09/2021,60971.8486900914,61996.9958658256,59263.2700638679,60044.3345787129,,,1370300
17/09/2021,60337.2337717798,60532.4999004911,59653.8023212904,60044.3345787129,,,919200
16/09/2021,60776.5825613802,60776.5825613802,59946.7015143573,60337.2337717798,,,778300
15/09/2021,60288.417239602,61020.6652222693,59946.7015143573,60825.399093558,,,728800
14/09/2021,60532.4999004911,60923.0321579136,59604.9857891126,60776.5825613802,,,1623100
13/09/2021,58042.8567594225,61020.6652222693,57994.0402272447,61020.6652222693,,,2587600
10/09/2021,58091.6732916003,58238.1228881338,57164.1591802218,58042.8567594225,,,2935100
09/09/2021,54576.8829747976,58042.8567594225,54381.6168460864,58042.8567594225,,,2544800
08/09/2021,53844.6349921304,54381.6168460864,53698.1853955969,54381.6168460864,,,1004800
07/09/2021,54381.6168460864,54430.4333782642,53698.1853955969,53844.6349921304,,,894000
06/09/2021,54186.3507173751,54235.1672495529,53942.268056486,54186.3507173751,,,1142800
01/09/2021,53844.6349921304,54186.3507173751,53161.203541641,53795.8184599526,,,670400
31/08/2021,54186.3507173751,54186.3507173751,53698.1853955969,54186.3507173751,,,688100
30/08/2021,54235.1672495529,54820.9656356867,53991.0845886638,53991.0845886638,,,1327900
27/08/2021,52626.4968243098,53502.5235901892,52626.4968243098,53372.7418470959,,,1336200
26/08/2021,53178.0692324561,53340.2964113226,52431.8242096699,52561.6059527632,,,776200
25/08/2021,52237.1515950301,53210.5146682294,51945.1426730703,52399.3787738966,,,817243
24/08/2021,51523.3520080172,52691.3876958564,51296.2339576041,52074.9244161635,,,1060900
23/08/2021,52886.0603104963,53210.5146682294,51263.7885218307,51296.2339576041,,,1769300
20/08/2021,55806.1495300942,55806.1495300942,53210.5146682294,53210.5146682294,,,2670300
19/08/2021,55968.3767089608,55968.3767089608,54995.0136357615,55968.3767089608,,,975700
18/08/2021,54832.7864568949,56292.8310666939,54703.0047138017,55968.3767089608,,,1153898
17/08/2021,55124.7953788547,55189.6862504013,54475.8866633885,55124.7953788547,,,1154300
16/08/2021,55643.9223512277,55806.1495300942,54508.3320991618,55189.6862504013,,,2372300
13/08/2021,54995.0136357615,55481.6951723611,54313.6594845219,55481.6951723611,,,1211800
12/08/2021,56292.8310666939,56779.5126032935,55157.240814628,55157.240814628,,,1472100
11/08/2021,56455.0582455604,58174.6663415459,56000.8221447341,56779.5126032935,,,1670800
10/08/2021,56455.0582455604,56519.9491171071,55676.367787001,56422.6128097871,,,882000
09/08/2021,55481.6951723611,56519.9491171071,54995.0136357615,56390.1673740138,,,638000
06/08/2021,56130.6038878273,56941.7397821601,55643.9223512277,55643.9223512277,,,1032700
05/08/2021,55027.4590715348,56552.3945528804,54832.7864568949,56130.6038878273,,,989800
04/08/2021,55189.6862504013,55449.2497365878,54670.5592780284,55157.240814628,,,929400
03/08/2021,55124.7953788547,55157.240814628,54508.3320991618,55124.7953788547,,,898900
02/08/2021,53210.5146682294,55968.3767089608,53048.2874893628,55124.7953788547,,,2464100
30/07/2021,52399.3787738966,53502.5235901892,51750.4700584304,53242.9601040027,,,2729200
29/07/2021,51847.8063657503,52821.1694389497,50614.8798063645,52821.1694389497,,,1317800
28/07/2021,51198.8976502841,52074.9244161635,50647.3252421378,50971.7795998709,,,455700
27/07/2021,52561.6059527632,52561.6059527632,50939.3341640976,51263.7885218307,,,2430100
26/07/2021,52042.4789803902,52237.1515950301,51231.3430860574,52010.0335446169,,,1260900
23/07/2021,52918.5057462696,53599.8598975091,52237.1515950301,52464.2696454432,,,2066215
22/07/2021,52723.8331316297,54638.113842255,52496.7150812165,53599.8598975091,,,982100
21/07/2021,53859.4233836956,54054.0959983355,52594.0513885365,53015.8420535895,,,1173900
20/07/2021,51263.7885218307,53405.1872828692,50777.1069852311,53405.1872828692,,,1106500
19/07/2021,52334.48790235,52886.0603104963,50777.1069852311,50777.1069852311,,,2808000
16/07/2021,54540.7775349351,54670.5592780284,53859.4233836956,54540.7775349351,,,2765100
15/07/2021,53502.5235901892,55481.6951723611,52886.0603104963,54216.323177202,,,1493900
14/07/2021,56130.6038878273,56422.6128097871,53340.2964113226,54021.6505625621,,,2447480
13/07/2021,57850.2119838128,57850.2119838128,55806.1495300942,56779.5126032935,,,1233700
12/07/2021,57103.9669610267,58044.8845984527,53534.9690259625,57298.6395756665,,,4059500
09/07/2021,55838.5949658675,58369.3389561858,55741.2586585476,57266.1941398932,,,3259400
08/07/2021,55806.1495300942,56844.4034748402,54346.1049202953,55968.3767089608,,,1972500
07/07/2021,51912.697237297,53794.532512149,50290.4254486314,53794.532512149,,,1709200
06/07/2021,54670.5592780284,55384.3588650412,50290.4254486314,50290.4254486314,,,3029533
05/07/2021,52237.1515950301,54183.8777414287,52237.1515950301,54021.6505625621,,,2480200
02/07/2021,48992.608017699,50939.3341640976,48992.608017699,50874.443292551,,,964000
01/07/2021,49317.0623754321,49479.2895542987,48830.3808388325,49025.0534534723,,,917200
30/06/2021,47694.7905867666,49933.525655125,47694.7905867666,49317.0623754321,,,1221500
29/06/2021,47208.1090501669,47857.0177656331,47045.8818713004,47694.7905867666,,,856700
28/06/2021,46883.6546924338,47370.3362290335,46624.0912062473,47208.1090501669,,,700200
25/06/2021,46721.4275135673,47045.8818713004,46559.2003347007,46624.0912062473,,,737200
24/06/2021,46688.9820777939,47370.3362290335,46656.5366420206,46721.4275135673,,,394400
23/06/2021,47110.772742847,47208.1090501669,46721.4275135673,46721.4275135673,,,1543700
22/06/2021,47370.3362290335,47435.2271005801,45261.3829037683,47370.3362290335,,,2696900
21/06/2021,45618.2826972747,47337.8907932602,45618.2826972747,47305.4453574868,,,1179900
18/06/2021,45585.8372615014,45910.2916192345,45423.6100826348,45748.0644403679,,,414700
17/06/2021,44288.019830569,46688.9820777939,44125.7926517024,45099.1557249017,,,1324500
16/06/2021,44709.810495622,44709.810495622,44288.019830569,44450.2470094355,,,545100
15/06/2021,44807.1468029419,45099.1557249017,44612.4741883021,44742.2559313953,,,471000
14/06/2021,44774.7013671686,45034.2648533551,44385.3561378889,44807.1468029419,,,811700
11/06/2021,43866.2291655159,44450.2470094355,43833.7837297426,44450.2470094355,,,830800
10/06/2021,43801.3382939693,44450.2470094355,43801.3382939693,43898.6746012892,,,679100
09/06/2021,44125.7926517024,44612.4741883021,43801.3382939693,44255.5743947957,,,759900
08/06/2021,44125.7926517024,44774.7013671686,44028.4563443825,44125.7926517024,,,715300
07/06/2021,44612.4741883021,44644.9196240754,43898.6746012892,44158.2380874757,,,721500
04/06/2021,45099.1557249017,45099.1557249017,44450.2470094355,44612.4741883021,,,867400
03/06/2021,45358.7192110882,45358.7192110882,44450.2470094355,45099.1557249017,,,713700
02/06/2021,44125.7926517024,45423.6100826348,44093.3472159291,45034.2648533551,,,654400
01/06/2021,44612.4741883021,44774.7013671686,43801.3382939693,44288.019830569,,,1074000
31/05/2021,45423.6100826348,45910.2916192345,44936.9285460352,44936.9285460352,,,1597300
28/05/2021,46202.3005411943,46461.8640273808,45942.7370550078,46299.6368485142,,,822300
27/05/2021,47013.4364355271,47045.8818713004,46072.518798101,46202.3005411943,,,848200
26/05/2021,47370.3362290335,47435.2271005801,46883.6546924338,47013.4364355271,,,781800
25/05/2021,47370.3362290335,47532.5634079,47045.8818713004,47370.3362290335,,,789800
24/05/2021,47045.8818713004,47532.5634079,46753.8729493406,47370.3362290335,,,761300
21/05/2021,47662.3451509933,48019.2449444997,47045.8818713004,47175.6636143936,,,3231000
20/05/2021,45650.728133048,48668.1536599659,45650.728133048,48668.1536599659,,,1509800
19/05/2021,45748.0644403679,46072.518798101,45585.8372615014,45975.1824907811,,,936300
18/05/2021,45910.2916192345,46072.518798101,45650.728133048,45975.1824907811,,,641000
17/05/2021,46559.2003347007,46721.4275135673,45715.6190045946,45910.2916192345,,,575700
14/05/2021,45585.8372615014,46559.2003347007,45488.5009541815,46234.7459769676,,,818500
13/05/2021,44936.9285460352,45585.8372615014,44936.9285460352,45423.6100826348,,,1096800
12/05/2021,44612.4741883021,45261.3829037683,44580.0287525288,45261.3829037683,,,850000
11/05/2021,44612.4741883021,45423.6100826348,44580.0287525288,44612.4741883021,,,1460800
10/05/2021,45423.6100826348,45423.6100826348,44612.4741883021,44807.1468029419,,,2264900
07/05/2021,45748.0644403679,46332.0822842875,45391.1646468615,45488.5009541815,,,923400
06/05/2021,45715.6190045946,46396.9731558342,45553.3918257281,46072.518798101,,,1092500
05/05/2021,45228.937467995,46429.4185916075,45164.0465964483,45715.6190045946,,,1124900
04/05/2021,44936.9285460352,45391.1646468615,44774.7013671686,45228.937467995,,,2091505
29/04/2021,45261.3829037683,45812.9553119146,44807.1468029419,45715.6190045946,,,662300
28/04/2021,45423.6100826348,45910.2916192345,45099.1557249017,45423.6100826348,,,1065700
27/04/2021,46234.7459769676,46721.4275135673,45585.8372615014,46040.0733623277,,,848700
26/04/2021,47824.5723298598,47824.5723298598,46234.7459769676,46234.7459769676,,,3536300
23/04/2021,46072.518798101,47857.0177656331,45585.8372615014,47857.0177656331,,,10311940
22/04/2021,46234.7459769676,48019.2449444997,45456.0555184081,46234.7459769676,,,8027686
20/04/2021,45099.1557249017,46721.4275135673,44936.9285460352,46234.7459769676,,,2440800
19/04/2021,43801.3382939693,44580.0287525288,42990.2023996365,44580.0287525288,,,1203800
16/04/2021,42827.97522077,43866.2291655159,42827.97522077,43476.8839362362,,,781400
15/04/2021,43996.0109086092,44417.8015736622,43379.5476289163,43379.5476289163,,,1056700
14/04/2021,43314.6567573696,43931.1200370625,43314.6567573696,43931.1200370625,,,472400
13/04/2021,43866.2291655159,44644.9196240754,43541.7748077828,43768.892858196,,,1232700
12/04/2021,43249.765885823,43801.3382939693,43152.4295785031,43768.892858196,,,852600
09/04/2021,43476.8839362362,43476.8839362362,43087.5387069565,43249.765885823,,,464700
08/04/2021,43639.1111151028,43639.1111151028,43314.6567573696,43476.8839362362,,,310500
07/04/2021,43022.6478354099,43639.1111151028,42860.4206565433,43639.1111151028,,,477200
06/04/2021,43314.6567573696,43963.5654728359,43119.9841427298,43249.765885823,,,1061200
05/04/2021,44125.7926517024,44125.7926517024,43379.5476289163,43509.3293720095,,,364100
02/04/2021,44093.3472159291,44125.7926517024,43574.2202435561,43736.4474224227,,,796700
01/04/2021,42179.0665053038,43639.1111151028,41692.3849687041,43574.2202435561,,,1360200
31/03/2021,41984.3938906639,42341.2936841703,41724.8304044774,42081.7301979838,,,326800
30/03/2021,42211.5119410771,42471.0754272636,41854.6121475707,41984.3938906639,,,318600
29/03/2021,42308.848248397,42795.5297849967,41919.5030191173,42211.5119410771,,,900000
26/03/2021,41692.3849687041,42179.0665053038,40556.7947166382,42179.0665053038,,,585900
25/03/2021,42016.8393264372,42438.6299914903,41757.2758402507,41789.721276024,,,506500
24/03/2021,42016.8393264372,42471.0754272636,41562.6032256109,42146.6210695305,,,528300
23/03/2021,42503.5208630369,42827.97522077,42179.0665053038,42503.5208630369,,,625000
22/03/2021,43087.5387069565,43152.4295785031,42665.7480419034,42795.5297849967,,,377300
19/03/2021,43152.4295785031,43314.6567573696,42827.97522077,43152.4295785031,,,376700
18/03/2021,43314.6567573696,43411.9930646896,40556.7947166382,43347.102193143,,,914000
17/03/2021,43314.6567573696,43314.6567573696,43087.5387069565,43087.5387069565,,,570323
16/03/2021,43055.0932711832,43314.6567573696,42698.1934776767,43217.3204500497,,,700800
15/03/2021,42535.9662988102,43444.4385004629,42373.7391199436,43055.0932711832,,,766800
,,,,,,,
,,,,,,,
SIMPLIZE,,,,,,,
"Số 5 ngõ 316 Lê Trọng Tấn, Phường Khương Mai, Quận Thanh Xuân, TP.Hà Nội
",,,,,,,
Website: simplize.vn,,,,,,,
Email: info@simplize.vn,,,,,,,
Tel: (+84) 38 840 8668,,,,,,,
